지점명,일시,평균기온(°C),일강수량(mm),평균 풍속(m/s)
강남,20190101,-3.7,0,1.8
강남,20190102,-3.5,0,1.5
강남,20190103,-1.9,0,1.1
강남,20190104,-0.5,0,1.3
강남,20190105,-1.5,0,2
강남,20190106,-1.6,0,1.3
강남,20190107,-0.7,0,1.4
강남,20190108,-2.3,0,2
강남,20190109,-3.6,0,1.3
강남,20190110,0,0,1.3
강남,20190111,3,0,1.1
강남,20190112,3.9,0,1.3
강남,20190113,2.7,0,1.3
강남,20190114,2.1,0,0.6
강남,20190115,-0.7,0,2.3
강남,20190116,-4.5,0,1.8
강남,20190117,0.7,0,1.7
강남,20190118,1.6,0,1.2
강남,20190119,4.1,0,1.1
강남,20190120,-0.5,0,2.8
강남,20190121,0.3,0,1.6
강남,20190122,2.7,0,1.5
강남,20190123,3.1,0,1.7
강남,20190124,1.5,0,1.6
강남,20190125,0,0,2.2
강남,20190126,-1.7,0,1.9
강남,20190127,0.5,0,1.7
강남,20190128,2,0,2.2
강남,20190129,1.1,0,1.1
강남,20190130,2.9,0,1.5
강남,20190131,-1.1,0,2.5
강남,20190201,-0.9,0,1.8
강남,20190202,2.5,0,1.1
강남,20190203,3.4,21,1.4
강남,20190204,0.6,0,2
강남,20190205,3.6,0,1.2
강남,20190206,5.5,0,1.3
강남,20190207,-1.3,0,2.8
강남,20190208,-5.1,0,1.7
강남,20190209,-4.6,0,2.3
강남,20190210,-4,0,1.6
강남,20190211,-2,0,2
강남,20190212,0.3,0,1.1
강남,20190213,-0.9,0,1.6
강남,20190214,0.5,0,1.4
강남,20190215,-0.1,0.5,1.7
강남,20190216,-1.7,0,1.9
강남,20190217,-0.2,0,1.7
강남,20190218,1.7,0,0.9
강남,20190219,1.8,4.5,1.4
강남,20190220,2.8,0,1.8
강남,20190221,3.4,0,1.4
강남,20190222,4.9,0,1.3
강남,20190223,7.5,0,1.2
강남,20190224,6.8,0,1.6
강남,20190225,5.7,0,1.8
강남,20190226,6.5,0,1.5
강남,20190227,8.8,0,1.4
강남,20190228,8.1,0,1.6
강남,20190301,7.8,0,1.6
강남,20190302,8.4,0,1.1
강남,20190303,10.1,0,0.9
강남,20190304,10.7,0,1.3
강남,20190305,8.8,0,1.3
강남,20190306,9.2,0,1.1
강남,20190307,8.1,0,1.7
강남,20190308,7.2,0,1.3
강남,20190309,8.1,0,0.9
강남,20190310,10.7,0,1.1
강남,20190311,7.5,0,1.6
강남,20190312,4.8,0,2.5
강남,20190313,4.4,0,2.9
강남,20190314,5.9,0,1.6
강남,20190315,5.4,7,1.5
강남,20190316,5.2,0,1.3
강남,20190317,7.3,0,1.7
강남,20190318,7.9,0,1.2
강남,20190319,10.8,0,1.3
강남,20190320,10.7,19.5,0.9
강남,20190321,7.9,4,2.4
강남,20190322,4.1,0,2.1
강남,20190323,4.5,3,2
강남,20190324,5.3,0,1.8
강남,20190325,8.1,0,1.6
강남,20190326,12,0,1.7
강남,20190327,12.5,0,2.9
강남,20190328,10.2,0,2
강남,20190329,9.7,0,2
강남,20190330,5.8,3,2.6
강남,20190331,5.1,0,2.8
강남,20190401,6.5,0,2.4
강남,20190402,7.8,0,2.1
강남,20190403,8.3,0,2
강남,20190404,9.8,0,2.5
강남,20190405,11.8,0,2.4
강남,20190406,10.3,0,0.7
강남,20190407,12.7,0,1.3
강남,20190408,12.5,0,2.3
강남,20190409,9.6,20,2.1
강남,20190410,7.6,4,1.4
강남,20190411,10.3,0,1.4
강남,20190412,12.2,0,1.6
강남,20190413,12.7,0,1.7
강남,20190414,10.6,1.5,2
강남,20190415,13,0,1.8
강남,20190416,15.9,0,1.4
강남,20190417,16.3,0,1.6
강남,20190418,13.8,0,1.8
강남,20190419,13.9,0,1.4
강남,20190420,14.8,0,1.4
강남,20190421,15.3,0.5,1.6
강남,20190422,19.6,0,1.4
강남,20190423,21,0,1.1
강남,20190424,19.7,6.5,1.3
강남,20190425,13.7,11,1.5
강남,20190426,9.3,4,1.6
강남,20190427,12.8,0,1.3
강남,20190428,13.8,0,1.3
강남,20190429,13.6,0,0.9
강남,20190430,16.1,0,1.5
강남,20190501,17.1,0,2.1
강남,20190502,18.5,0,2
강남,20190503,18.7,0,1.6
강남,20190504,20.4,0,1.4
강남,20190505,20.1,0,1.7
강남,20190506,15.1,0,2.4
강남,20190507,15.9,0,2
강남,20190508,16.4,0,2.1
강남,20190509,17.1,0,2
강남,20190510,18.7,0,1.6
강남,20190511,21.2,0,1.3
강남,20190512,22.2,0,1.2
강남,20190513,19.6,0,1.1
강남,20190514,20.9,0,1.3
강남,20190515,21.6,0,1.4
강남,20190516,24,0,1.4
강남,20190517,24.4,0,1.1
강남,20190518,22.9,0,1.4
강남,20190519,19.4,15.5,0.7
강남,20190520,16.9,4.5,2.9
강남,20190521,17.8,0,2.6
강남,20190522,20.7,0,2.2
강남,20190523,23.3,0,1.1
강남,20190524,25.2,0,1.5
강남,20190525,24.3,0,1.5
강남,20190526,25.1,0,1.6
강남,20190527,18.4,4.5,2
강남,20190528,19.1,0,2
강남,20190529,,0,
강남,20190530,20,0,1.6
강남,20190531,20.1,0,1.9
강남,20190601,19.3,0,1.1
강남,20190602,21.8,0,1
강남,20190603,23.6,0,1
강남,20190604,23.5,0,1.5
강남,20190605,24,0,1.2
강남,20190606,21.8,5.5,0.6
강남,20190607,20.1,40,1.1
강남,20190608,22.4,0,0.7
강남,20190609,22.4,0,0.9
강남,20190610,19.3,7.5,0.7
강남,20190611,21.2,0,0.7
강남,20190612,22,0,1
강남,20190613,23.8,0,0.9
강남,20190614,24,0,0.9
강남,20190615,22.5,5.5,1.3
강남,20190616,22.4,0,1
강남,20190617,22.3,0,1.4
강남,20190618,21,10,0.9
강남,20190619,22.4,0,0.9
강남,20190620,23.5,0,1.1
강남,20190621,23.1,0,1.2
강남,20190622,24.8,0,1
강남,20190623,25.1,0,1
강남,20190624,25.4,0,1.5
강남,20190625,26.5,0,1.3
강남,20190626,25.5,0,1.2
강남,20190627,26.2,0,1.3
강남,20190628,25.3,0,0.8
강남,20190629,23.6,2,0.2
강남,20190630,24.5,0,0.8
강남,20190701,24.3,0,1.6
강남,20190702,25.1,0,1.6
강남,20190703,24.9,0,1.2
강남,20190704,26.3,0,1.4
강남,20190705,28.3,0,1.2
강남,20190706,29.6,0,1.5
강남,20190707,27.1,0,1.6
강남,20190708,25.6,0,1.6
강남,20190709,25.6,0,1.4
강남,20190710,22.9,15,1.3
강남,20190711,22.4,5,1
강남,20190712,24.2,0,1.7
강남,20190713,25.2,0,1.4
강남,20190714,26.3,0,1.2
강남,20190715,23.9,26.5,0.9
강남,20190716,25.6,0.5,1
강남,20190717,26.7,0,0.9
강남,20190718,27.7,9.5,1
강남,20190719,28.5,0.5,1.4
강남,20190720,28.6,1,2
강남,20190721,25.6,8,1.5
강남,20190722,27.6,0,1.4
강남,20190723,28.7,0,1.3
강남,20190724,27.2,0,1.1
강남,20190725,26.8,8.5,0.9
강남,20190726,26.1,115.5,0.9
강남,20190727,28.9,29.5,1
강남,20190728,26.4,27,1.3
강남,20190729,28.3,0.5,1.7
강남,20190730,29.1,0,1.9
강남,20190731,26.6,64,1.4
강남,20190801,27.3,50,1
강남,20190802,29.9,0,0.9
강남,20190803,30.3,0,0.9
강남,20190804,29,0,0.7
강남,20190805,31.5,0,0.6
강남,20190806,32,0,0.9
강남,20190807,26.8,13.5,0.6
강남,20190808,29.4,0,0.8
강남,20190809,30,0,0.8
강남,20190810,31.8,0,1.3
강남,20190811,31.2,4,2.1
강남,20190812,26.7,44,0.9
강남,20190813,30.5,0,1.1
강남,20190814,31.2,0,1.1
강남,20190815,25.8,35.5,0.9
강남,20190816,26.7,0,1.6
강남,20190817,26.2,1.5,1.5
강남,20190818,26,0,1.1
강남,20190819,26.5,0,0.6
강남,20190820,28.1,0,0.9
강남,20190821,27.5,0.5,1.1
강남,20190822,27.8,0,1.2
강남,20190823,27.1,0,1.6
강남,20190824,24.3,0,1.2
강남,20190825,24.9,0,1.1
강남,20190826,26.8,0,1.1
강남,20190827,25.6,2.5,0.9
강남,20190828,26.3,0.5,1.2
강남,20190829,23,45.5,1.3
강남,20190830,23.5,0.2,2.4
강남,20190831,24,0,1.9
강남,20190901,23.5,0,1.4
강남,20190902,24.5,,1.6
강남,20190903,25,0,2.3
강남,20190904,23.5,22.7,2.5
강남,20190905,25,36.4,2
강남,20190906,25.5,2.4,2.1
강남,20190907,26.5,2.8,6
강남,20190908,25,0,1.9
강남,20190909,25,,
강남,20190910,24.1,56.5,0.8
강남,20190911,24.4,9,1
강남,20190912,21.6,2,1.1
강남,20190913,23.1,0,0.8
강남,20190914,22.7,1,0.7
강남,20190915,24.2,0,0.7
강남,20190916,24.6,0,0.9
강남,20190917,23.3,0,0.7
강남,20190918,21.9,0,1.4
강남,20190919,20.3,0,1
강남,20190920,20.4,0,0.8
강남,20190921,20,0,1
강남,20190922,18.4,3.5,1.3
강남,20190923,20.1,0,1.1
강남,20190924,19.8,0,1.1
강남,20190925,20.7,0,0.7
강남,20190926,22.5,0,0.7
강남,20190927,22.7,0,0.5
강남,20190928,23.8,0,0.6
강남,20190929,22.2,0,0.7
강남,20190930,22.2,0,0.6
강남,20191001,22.9,0,0.7
강남,20191002,22.2,24,0.9
강남,20191003,22.5,18,1
강남,20191004,22.6,0,1.1
강남,20191005,19.8,0,1.4
강남,20191006,18.6,0,1.2
강남,20191007,15.2,28,0.8
강남,20191008,15.8,0,1.4
강남,20191009,14.1,0,0.9
강남,20191010,15,0,0.5
강남,20191011,19,0,0.9
강남,20191012,18.3,0,1.4
강남,20191013,17.2,0,0.7
강남,20191014,15.1,0,1.4
강남,20191015,14.6,0,0.8
강남,20191016,15,0,0.7
강남,20191017,15.2,0,0.7
강남,20191018,17.2,0,0.8
강남,20191019,16.9,0,0.8
강남,20191020,15.9,0,0.7
강남,20191021,16.3,0,0.4
강남,20191022,17.4,0,0.7
강남,20191023,17.1,0,0.7
강남,20191024,19.2,0,0.9
강남,20191025,17.5,0,1.3
강남,20191026,10.9,0,1.6
강남,20191027,11.2,0,1
강남,20191028,13.5,2.5,1.6
강남,20191029,13.5,0.5,1.4
강남,20191030,11.2,0,0.9
강남,20191031,15.2,0,1.3
강남,20191101,14.4,0,0.6
강남,20191102,14,0,0.7
강남,20191103,15,0,0.8
강남,20191104,13,0,0.5
강남,20191105,12.2,0,0.9
강남,20191106,11.3,0,0.8
강남,20191107,10.3,0,1.5
강남,20191108,7.3,0,0.9
강남,20191109,9.3,0,0.7
강남,20191110,10.4,12.5,1.3
강남,20191111,11.9,0.5,1.5
강남,20191112,9.6,0,0.5
강남,20191113,8.2,8,1.5
강남,20191114,2.4,0,1.9
강남,20191115,6.2,24,1.1
강남,20191116,6.7,0,0.5
강남,20191117,8.6,37,0.7
강남,20191118,5.9,17,2.5
강남,20191119,2.1,0,1.9
강남,20191120,1.7,0,1
강남,20191121,4.6,0,0.6
강남,20191122,8.7,0,0.6
강남,20191123,11.1,0,0.6
강남,20191124,10.2,2.5,1.1
강남,20191125,3.3,0,1.3
강남,20191126,7.4,0,0.9
강남,20191127,4.8,0,1.5
강남,20191128,5.4,0,1.2
강남,20191129,3,0,1
강남,20191130,5,0,0.8
강남,20191201,5.5,4,0.7
강남,20191202,1.6,0,2.3
강남,20191203,1.1,0.5,0.9
강남,20191204,3.3,0.5,1.1
강남,20191205,-2.6,0,2.1
강남,20191206,-4.1,0,1.1
강남,20191207,-1.6,0,0.8
강남,20191208,-0.5,0,0.7
강남,20191209,4.1,0,1.4
강남,20191210,7.7,1.5,0.7
강남,20191211,7.1,0.5,2.3
강남,20191212,0.4,0,1.7
강남,20191213,3.1,0.5,1.3
강남,20191214,4,0.5,1.4
강남,20191215,4.5,0,0.6
강남,20191216,8.4,0,0.7
강남,20191217,8.7,9,1.5
강남,20191218,2.5,0,1.5
강남,20191219,0.9,0,1.5
강남,20191220,0.3,0,1.5
강남,20191221,-0.4,0,0.9
강남,20191222,4.4,0.5,0.8
강남,20191223,4.2,2,1
강남,20191224,1.4,0,0.6
강남,20191225,2.3,0,0.7
강남,20191226,3,1,1.5
강남,20191227,-0.5,0,1.5
강남,20191228,1.6,0,1.1
강남,20191229,4.1,0.5,1
강남,20191230,3.7,0.5,1.6
강남,20191231,-6.3,0,2.3
강남,20200101,-1.7,0,0.9
강남,20200102,2.3,0,1
강남,20200103,0.9,0,1.1
강남,20200104,2.1,0,1.1
강남,20200105,1.1,0,0.5
강남,20200106,3.3,1,0.8
강남,20200107,6.2,53.5,0.7
강남,20200108,3.7,5,2.5
강남,20200109,0.4,0,1.6
강남,20200110,0.8,0,0.9
강남,20200111,0.9,0,1.1
강남,20200112,0.4,0,1.6
강남,20200113,-1.2,0,1.8
강남,20200114,-1,0,1.1
강남,20200115,-1.2,0,1.2
강남,20200116,-0.5,0,1
강남,20200117,,0,
강남,20200118,0.7,0,1
강남,20200119,2.7,0.5,1.4
강남,20200120,2.2,0,2
강남,20200121,0.6,0,0.9
강남,20200122,3.1,0,0.8
강남,20200123,5.1,0,1.1
강남,20200124,3.5,0,0.8
강남,20200125,4.7,0,0.6
강남,20200126,5.9,0,1.1
강남,20200127,6.5,0.5,1.7
강남,20200128,7.5,0,1.1
강남,20200129,6.3,0,0.8
강남,20200130,5.8,0,0.9
강남,20200131,4.4,0,1.2
강남,20200201,3.2,0,1.1
강남,20200202,2.7,0,1.1
강남,20200203,1,0,2.3
강남,20200204,-0.2,0.5,1.8
강남,20200205,-6.7,0,2.4
강남,20200206,-4.8,0,1.3
강남,20200207,-0.1,0,1.3
강남,20200208,1.2,0,2.2
강남,20200209,0.3,0,1.2
강남,20200210,4.1,0,1
강남,20200211,6.6,0,0.8
강남,20200212,7.5,7.5,0.6
강남,20200213,7.4,0,1.3
강남,20200214,7.8,0,0.6
강남,20200215,9.6,2,1.1
강남,20200216,-0.2,14,2.6
강남,20200217,-4.8,0.5,2.4
강남,20200218,-2.4,0,1.8
강남,20200219,1.5,0,0.8
강남,20200220,5.2,0,0.8
강남,20200221,7.4,3,1.1
강남,20200222,5.3,2.5,3.1
강남,20200223,3.8,0,1.6
강남,20200224,7.5,0,0.9
강남,20200225,6.8,20.5,1.2
강남,20200226,7.8,0,1.3
강남,20200227,7.3,0,1.1
강남,20200228,5.1,4,0.8
강남,20200229,8.2,0,0.9
강남,20200301,6.6,0,1.3
강남,20200302,4.5,0,1.9
강남,20200303,6,0,1.5
강남,20200304,3.4,0,2.7
강남,20200305,2.5,0,1.9
강남,20200306,4.2,0,0.9
강남,20200307,7.4,0,1
강남,20200308,9.2,0,0.8
강남,20200309,11.3,0,0.9
강남,20200310,7.6,11.5,1.6
강남,20200311,4.7,0,2.4
강남,20200312,7.7,0,1.6
강남,20200313,6.3,0,2.3
강남,20200314,5.2,0,2.2
강남,20200315,5.3,0,2.6
강남,20200316,4.6,0,1.7
강남,20200317,7,0,1.4
강남,20200318,10.3,0,1.2
강남,20200319,10.3,0,3.5
강남,20200320,9.8,0,2
강남,20200321,13.4,0,1.3
강남,20200322,12.4,0,2.2
강남,20200323,11,0,1.6
강남,20200324,11.7,0,1.2
강남,20200325,12.9,0,1.1
강남,20200326,14.7,1,0.9
강남,20200327,13.1,6.5,2
강남,20200328,9,0,2.1
강남,20200329,9.4,0,1.2
강남,20200330,11.1,0,1.3
강남,20200331,12.7,0,1.2
강남,20200401,12.4,0,2.1
강남,20200402,10.2,0,1.6
강남,20200403,10.8,0,1.8
강남,20200404,10.1,0,2.5
강남,20200405,8.3,0,1.8
강남,20200406,9.8,0,1.6
강남,20200407,11.5,0,1.7
강남,20200408,10.9,0,2.4
강남,20200409,9.8,0,2
강남,20200410,11.3,0,1.4
강남,20200411,10.3,0,1.6
강남,20200412,10.5,0,1.9
강남,20200413,12.6,0,1.4
강남,20200414,13.5,0,1.5
강남,20200415,13.9,0,1.2
강남,20200416,16.1,0,1.2
강남,20200417,13,11,1.4
강남,20200418,14.6,0,1.5
강남,20200419,12.6,10,1
강남,20200420,11.1,0,2
강남,20200421,8.7,0,3.1
강남,20200422,7.4,0,2.9
강남,20200423,9.2,0,2.8
강남,20200424,10.8,0,2.1
강남,20200425,14.4,0,2.5
강남,20200426,13.3,0,1.9
강남,20200427,13.6,0,1.7
강남,20200428,14.4,0,1.7
강남,20200429,15.6,0,1.6
강남,20200430,17.6,0,1.7
강남,20200501,21.3,0,1.7
강남,20200502,21.3,0,1.4
강남,20200503,22.2,0,1.1
강남,20200504,21.5,0,1.8
강남,20200505,16.3,0,1
강남,20200506,20.2,0,0.9
강남,20200507,21.1,0,1.5
강남,20200508,20.4,2.5,1.5
강남,20200509,15.1,26,1.3
강남,20200510,15.1,0.5,1.3
강남,20200511,17.4,2,1.7
강남,20200512,15.2,1,1.8
강남,20200513,16.5,0,1.8
강남,20200514,20.1,0,1
강남,20200515,16.3,11.5,0.9
강남,20200516,17.5,0.5,1
강남,20200517,20.5,0,1.2
강남,20200518,20,25.5,1.5
서초,20190101,-4.2,0,1.5
서초,20190102,-4.2,0,1.5
서초,20190103,-3.1,0,1
서초,20190104,-0.8,0,1.1
서초,20190105,-2,0,1.9
서초,20190106,-2.5,0,1.1
서초,20190107,-1.8,0,1.3
서초,20190108,-2.3,0,2.6
서초,20190109,-3.6,0,1.3
서초,20190110,0.3,0,1.2
서초,20190111,3.2,0,1
서초,20190112,3.3,0,1.2
서초,20190113,1.7,0,1.2
서초,20190114,1.6,0,1
서초,20190115,-0.7,0,2.4
서초,20190116,-4.2,0,1.9
서초,20190117,0.6,0,1.7
서초,20190118,0.6,0,1.2
서초,20190119,3.8,0,1
서초,20190120,-0.4,0,3.3
서초,20190121,-0.5,0,1.6
서초,20190122,2.1,0,1.3
서초,20190123,2.5,0,2.1
서초,20190124,0.3,0,1.2
서초,20190125,-0.4,0,2.3
서초,20190126,-1.7,0,2.3
서초,20190127,-0.1,0,1.3
서초,20190128,1.9,0,2.4
서초,20190129,0.6,0,1.1
서초,20190130,2.7,0,1.3
서초,20190131,-1.2,0,2.6
서초,20190201,-1.6,0,1.4
서초,20190202,2.1,0,1.5
서초,20190203,3.7,23,1.4
서초,20190204,0.2,0,2
서초,20190205,2.6,0,1.2
서초,20190206,5.6,0,1.1
서초,20190207,-1.4,0,3.1
서초,20190208,-5,0,2
서초,20190209,-4.4,0,2.6
서초,20190210,-4,0,1.7
서초,20190211,-1.9,0,2
서초,20190212,0.3,0,1.6
서초,20190213,-1,0,1.9
서초,20190214,0.3,0,1.2
서초,20190215,0.1,0,1.5
서초,20190216,-1.7,0,2.2
서초,20190217,-1.2,0,1.6
서초,20190218,1.4,0,1.2
서초,20190219,1.8,5,1
서초,20190220,2.7,0,1.5
서초,20190221,2.4,0,1.1
서초,20190222,3.9,0,1.2
서초,20190223,6.4,0,1.1
서초,20190224,6.3,0,1.3
서초,20190225,5.3,0,1.5
서초,20190226,5.7,0,1.4
서초,20190227,8.7,0,1.4
서초,20190228,6.6,0,1.3
서초,20190301,6.6,0,1.4
서초,20190302,7.8,0,1.1
서초,20190303,9.6,0,1.2
서초,20190304,10.1,0,1.2
서초,20190305,8.6,0,1.3
서초,20190306,8.9,0,1.5
서초,20190307,7.9,0,1.6
서초,20190308,6.4,0,1.4
서초,20190309,7.3,0,1.3
서초,20190310,10.7,0,1.1
서초,20190311,7,0,1.6
서초,20190312,4.9,0,2
서초,20190313,4.1,0,2.1
서초,20190314,5.6,0,1.5
서초,20190315,5.3,12.5,1.3
서초,20190316,5.3,0,1.4
서초,20190317,6,0,1.6
서초,20190318,7.2,0,1.4
서초,20190319,10.2,0,1.3
서초,20190320,10.5,19.5,1
서초,20190321,8.1,4,2.2
서초,20190322,4.1,0,2.7
서초,20190323,3.9,2,2.4
서초,20190324,4.6,0,1.6
서초,20190325,8.2,0,1.7
서초,20190326,11.8,0,1.5
서초,20190327,12.7,0,1.9
서초,20190328,10.1,0,1.7
서초,20190329,10.1,0,1.7
서초,20190330,5.9,3,1.7
서초,20190331,5.3,0,2.3
서초,20190401,6.1,0,1.8
서초,20190402,6.8,0,1.7
서초,20190403,7.7,0,1.5
서초,20190404,9.6,0,1.9
서초,20190405,11.7,0,1.8
서초,20190406,9.8,0,1
서초,20190407,13.1,0,1.4
서초,20190408,12,0,2
서초,20190409,9.7,19,1.7
서초,20190410,7.5,3.5,1.3
서초,20190411,9.8,0,1.3
서초,20190412,11.5,0,1.4
서초,20190413,12,0,1.4
서초,20190414,10.2,1,1.7
서초,20190415,11.9,0,1.3
서초,20190416,14.9,0,1.4
서초,20190417,15.5,0,1.5
서초,20190418,13.2,0,1.4
서초,20190419,14.1,0,1.3
서초,20190420,14.8,0,1.4
서초,20190421,15.4,0.5,1.1
서초,20190422,19.6,0,1.2
서초,20190423,20.6,0,1.1
서초,20190424,19.1,7.5,1.2
서초,20190425,13.6,10.5,1.3
서초,20190426,9.3,2,1.1
서초,20190427,12.3,0,1.3
서초,20190428,13.2,0,1.1
서초,20190429,12.6,0,1
서초,20190430,15.4,0,1.4
서초,20190501,16.7,0,1.6
서초,20190502,16.7,0,1.5
서초,20190503,17.8,0,1.3
서초,20190504,19.2,0,1.2
서초,20190505,19.4,0,1.5
서초,20190506,15,0,2.6
서초,20190507,14.8,0,1.6
서초,20190508,16.2,0,1.8
서초,20190509,17,0,1.5
서초,20190510,18,0,1.4
서초,20190511,20.2,0,1.2
서초,20190512,21.2,0,1.2
서초,20190513,18.7,0,1.3
서초,20190514,20.2,0,1.3
서초,20190515,21.5,0,1.2
서초,20190516,24,0,1.4
서초,20190517,23.7,0,1
서초,20190518,22.5,0,2.5
서초,20190519,19,15.5,1.6
서초,20190520,16.7,3.5,1.7
서초,20190521,17.4,0,1.9
서초,20190522,20.5,0,1.8
서초,20190523,22.1,0,1.3
서초,20190524,25,0,1.3
서초,20190525,23.5,0,1.3
서초,20190526,24.5,0,1.3
서초,20190527,18.1,4.5,1.8
서초,20190528,18.6,0,1.6
서초,20190529,20.5,0,1.5
서초,20190530,20.4,0,1.6
서초,20190531,20,0,1.6
서초,20190601,19,0,1.3
서초,20190602,21.6,0,1.3
서초,20190603,23.5,0,1.5
서초,20190604,23,0,1.5
서초,20190605,23.6,0,1.4
서초,20190606,21.7,7.5,1.1
서초,20190607,20.1,48.5,1.3
서초,20190608,22.2,0,1.3
서초,20190609,22,0.5,1.5
서초,20190610,19,4.5,1.2
서초,20190611,21.1,0,1.2
서초,20190612,21.9,0,1.3
서초,20190613,23.3,0,1.6
서초,20190614,23.6,0,1.6
서초,20190615,22.4,2,2
서초,20190616,21.9,0,1.2
서초,20190617,22.1,0,1.6
서초,20190618,20.8,17.5,1.2
서초,20190619,22.1,0,1.3
서초,20190620,23.6,0,1.4
서초,20190621,22.9,0,1.5
서초,20190622,24.6,0,1.2
서초,20190623,24.3,1,1.3
서초,20190624,25,0,1.4
서초,20190625,25.8,0,1.4
서초,20190626,25.2,0,1.5
서초,20190627,25.9,0,1.2
서초,20190628,24.6,0.5,1.2
서초,20190629,23.2,2.5,1.3
서초,20190630,24.5,0,1.3
서초,20190701,24.2,0,1.4
서초,20190702,24.9,0,1.4
서초,20190703,24.5,0,1.4
서초,20190704,25.7,0,1.3
서초,20190705,28.3,0,1.6
서초,20190706,29.3,0,1.8
서초,20190707,26.6,0,1.8
서초,20190708,25,0,1.7
서초,20190709,25.3,0,1.6
서초,20190710,22.7,12.5,1.5
서초,20190711,22.3,5,1.6
서초,20190712,24.2,0,1.3
서초,20190713,25.2,0,1.3
서초,20190714,26.2,0,1.1
서초,20190715,23.9,2.5,1.2
서초,20190716,25.3,1,1.2
서초,20190717,26.7,0,1.2
서초,20190718,27.7,7.5,1.1
서초,20190719,28.1,0,1.7
서초,20190720,28.6,1,1.9
서초,20190721,25.7,8.5,1.1
서초,20190722,27.8,0,1.2
서초,20190723,28.8,0,1.2
서초,20190724,26.8,0.5,1
서초,20190725,26.7,10,1
서초,20190726,25.9,102.5,1
서초,20190727,29.1,28,1
서초,20190728,26.4,25,1
서초,20190729,28.2,0.5,1.1
서초,20190730,28.8,0,1.3
서초,20190731,26.5,51,1.1
서초,20190801,27.5,58.5,1.1
서초,20190802,29.2,0,1.2
서초,20190803,29.5,1.5,1.1
서초,20190804,29.2,0,1.2
서초,20190805,31.5,0,1.2
서초,20190806,31.7,0,1.3
서초,20190807,27.3,11,0.9
서초,20190808,29.1,0,1.2
서초,20190809,30.2,0,1.3
서초,20190810,31.5,0,1.8
서초,20190811,30.5,5.5,3
서초,20190812,26.5,38.5,1.4
서초,20190813,30.1,0,1.2
서초,20190814,30.8,0,1.3
서초,20190815,25.8,32.5,1.2
서초,20190816,26.6,0,1.4
서초,20190817,26.2,0.5,1.5
서초,20190818,25.6,0,1.2
서초,20190819,26.3,0,1
서초,20190820,27.2,0,1.3
서초,20190821,27,0.5,1.4
서초,20190822,27.2,0,1.6
서초,20190823,26.4,0,1.7
서초,20190824,23.8,0,1.1
서초,20190825,24.7,0,1.2
서초,20190826,26.2,0,1.2
서초,20190827,25.4,3.5,1.1
서초,20190828,26.7,0,1.3
서초,20190829,22.6,55,1.4
서초,20190830,23.1,1,1.4
서초,20190831,23.1,0,1.3
서초,20190901,23.3,0,1
서초,20190902,24.5,0,1.1
서초,20190903,23.9,1,1.3
서초,20190904,23.2,9.5,1
서초,20190905,23.2,47.5,1.2
서초,20190906,25.7,0.5,0.9
서초,20190907,26.1,2,3.2
서초,20190908,25.3,0,1.2
서초,20190909,24.8,1,1.2
서초,20190910,23.9,56.5,0.8
서초,20190911,24.3,6.5,1.2
서초,20190912,20.8,5,1.3
서초,20190913,22.6,0,1.2
서초,20190914,22.4,1,1.1
서초,20190915,24.7,0,1
서초,20190916,24.4,0,1.1
서초,20190917,23.3,0,1.3
서초,20190918,21.9,0,2.1
서초,20190919,19.8,0,1.5
서초,20190920,20,0,1.1
서초,20190921,19.9,0,1.1
서초,20190922,18.3,3,1.3
서초,20190923,20.2,0,1.6
서초,20190924,19.4,0,1.3
서초,20190925,20.5,0,1.1
서초,20190926,23,0,1.2
서초,20190927,22.7,0,1.2
서초,20190928,23.9,0,1.1
서초,20190929,22.1,0,1.3
서초,20190930,22.3,0,1.1
서초,20191001,23.2,0,1.2
서초,20191002,22,20.5,1.3
서초,20191003,22.6,9.5,1.5
서초,20191004,22.4,0,1.2
서초,20191005,19.2,0,1.7
서초,20191006,18.2,0,1.6
서초,20191007,15,27,1.2
서초,20191008,15.7,0,2.1
서초,20191009,13.5,0,1.2
서초,20191010,15,0,1.1
서초,20191011,19.1,0,1.2
서초,20191012,18.3,0,1.7
서초,20191013,17,0,1.1
서초,20191014,14.7,0,2
서초,20191015,14,0,1.1
서초,20191016,15,0,1.3
서초,20191017,15.1,0,1.2
서초,20191018,17.2,0,1.3
서초,20191019,16.8,0,1.2
서초,20191020,15.5,0,1
서초,20191021,16.9,0,1.1
서초,20191022,17.6,0,1.1
서초,20191023,16.9,0,1.1
서초,20191024,18.9,0,1.2
서초,20191025,17.3,0,1.4
서초,20191026,10.7,0,1.9
서초,20191027,11,0,1.3
서초,20191028,13.2,2.5,1.5
서초,20191029,13.2,0.5,1.3
서초,20191030,11,0,1.2
서초,20191031,15.1,0,1.3
서초,20191101,15,0,1
서초,20191102,14.1,0,1
서초,20191103,14.6,0,1
서초,20191104,13.4,0,1.1
서초,20191105,12.1,0,1.2
서초,20191106,11.6,0,1.1
서초,20191107,10.2,0,2
서초,20191108,7,0,1.4
서초,20191109,9.1,0,1.2
서초,20191110,10.1,12.5,1.4
서초,20191111,12,0.5,1.9
서초,20191112,9.6,0,1
서초,20191113,8,9,2.2
서초,20191114,1.6,0,2.5
서초,20191115,6.5,20,1.4
서초,20191116,6.9,0,0.9
서초,20191117,8.9,32,1.1
서초,20191118,5.5,14,2.5
서초,20191119,1.5,0,2.4
서초,20191120,1.5,0,1.4
서초,20191121,5.1,0,1.1
서초,20191122,9.9,0,1.1
서초,20191123,12.2,0,1.1
서초,20191124,9.9,4,1.9
서초,20191125,2.8,0,2
서초,20191126,7.6,0,1.5
서초,20191127,4.2,0,2
서초,20191128,5.1,0,1.6
서초,20191129,2.8,0,1.5
서초,20191130,5.2,0,1.3
서초,20191201,5.1,3.5,1.1
서초,20191202,1.4,0,2.5
서초,20191203,0.9,0.5,1.5
서초,20191204,3.2,0,1.3
서초,20191205,-3.2,0,2.7
서초,20191206,-4.6,0,1.5
서초,20191207,-1.6,0,1.2
서초,20191208,-0.6,0,1.1
서초,20191209,4.3,0,1.6
서초,20191210,8.3,2,1.3
서초,20191211,6.9,0,2.5
서초,20191212,0.2,0,2.2
서초,20191213,2.5,0,1.7
서초,20191214,3.5,0.5,1.8
서초,20191215,5,0,1.2
서초,20191216,8.5,0,1
서초,20191217,8.4,7.5,2
서초,20191218,2.1,0,2.1
서초,20191219,0.2,0,2
서초,20191220,-0.1,0,1.7
서초,20191221,-0.7,0,1.4
서초,20191222,3.8,0,1.1
서초,20191223,4.1,2.5,1.6
서초,20191224,1.3,0,1
서초,20191225,2.3,0,1.1
서초,20191226,2.7,1,1.8
서초,20191227,-0.8,0,1.8
서초,20191228,1.3,0,1.3
서초,20191229,4.1,0.5,1.4
서초,20191230,3.3,0,1.9
서초,20191231,-7,0,2.8
서초,20200101,-2.1,0,1.3
서초,20200102,2.2,0,1.1
서초,20200103,1,0,1.4
서초,20200104,1.7,0,1.5
서초,20200105,1.2,0,1
서초,20200106,3.2,1,1.3
서초,20200107,6.3,51.5,1.1
서초,20200108,3.3,4.5,1.8
서초,20200109,0.1,0,2
서초,20200110,0.3,0,1.2
서초,20200111,0.4,0,1.6
서초,20200112,-0.1,0,1.7
서초,20200113,-1.9,0,1.9
서초,20200114,-1.3,0,1.5
서초,20200115,-1.5,0,1.5
서초,20200116,-1,0,1.4
서초,20200117,0.4,0,1.4
서초,20200118,0.6,0,1.2
서초,20200119,2.4,0,1.4
서초,20200120,1.9,0,2
서초,20200121,0.6,0,1.2
서초,20200122,3.2,0,1.2
서초,20200123,5.2,0,1.6
서초,20200124,3.8,0,1.3
서초,20200125,4.8,0,1.1
서초,20200126,5.9,0,1.3
서초,20200127,6.3,1,1.7
서초,20200128,7.6,0,1.3
서초,20200129,6.5,0,1.2
서초,20200130,6,0,1.3
서초,20200131,4,0,1.2
서초,20200201,2.8,0,1.2
서초,20200202,2.2,0,1.2
서초,20200203,0.4,0,2.2
서초,20200204,-0.5,0.5,1.5
서초,20200205,-7.4,0,
서초,20200206,-5.3,0,1.5
서초,20200207,-0.6,0,1.4
서초,20200208,0.6,0,2.6
서초,20200209,-0.2,0,1.3
서초,20200210,3.9,0,1.3
서초,20200211,7.2,0,1.1
서초,20200212,7.4,8,0.9
서초,20200213,7.3,0,1.3
서초,20200214,8.5,0,1
서초,20200215,9.7,1.5,1.6
서초,20200216,-0.8,10,2
서초,20200217,-4.9,0,2.5
서초,20200218,-2.9,0,1.9
서초,20200219,1.1,0,1.1
서초,20200220,5.2,0,1.2
서초,20200221,7.1,3,1.3
서초,20200222,4.7,2.5,2.4
서초,20200223,2.9,0,1.5
서초,20200224,7.1,0,1.2
서초,20200225,6.5,19,1.4
서초,20200226,7.4,0,1.5
서초,20200227,6.6,0,1.2
서초,20200228,4.5,3.5,1
서초,20200229,7.8,0.5,1.1
서초,20200301,5.9,0,1.3
서초,20200302,3.9,0,2
서초,20200303,5.5,0,1.5
서초,20200304,2.8,0,2.5
서초,20200305,1.7,0,2
서초,20200306,3.8,0,1.3
서초,20200307,6.8,0,1.2
서초,20200308,8.8,0,1.3
서초,20200309,10.9,0,1.3
서초,20200310,7,9,2.3
서초,20200311,3.8,0,2.4
서초,20200312,7.2,0,1.6
서초,20200313,5.5,0,2.7
서초,20200314,4.6,0,1.9
서초,20200315,4.5,0,2.7
서초,20200316,4.3,0,1.7
서초,20200317,,0,1.7
서초,20200318,,0,1.5
서초,20200319,9.7,0,2.8
서초,20200320,9,0,1.6
서초,20200321,13.1,0,1.5
서초,20200322,11.8,0,2.4
서초,20200323,10.8,0,1.5
서초,20200324,11.4,0,1.4
서초,20200325,12.7,0,1.6
서초,20200326,14.5,1.5,1.4
서초,20200327,12.3,5.5,2.6
서초,20200328,8.3,0,2.6
서초,20200329,8.5,0,1.4
서초,20200330,10,0,1.4
서초,20200331,11.7,0,1.6
서초,20200401,11.6,0,2.3
서초,20200402,9.8,0,1.4
서초,20200403,10.1,0,1.6
서초,20200404,9.2,0,2.8
서초,20200405,7.7,0,2
서초,20200406,9.6,0,1.5
서초,20200407,10.9,0,1.5
서초,20200408,10.1,0,2.5
서초,20200409,9.2,0,1.9
서초,20200410,10.5,0,1.4
서초,20200411,9.9,0,1.5
서초,20200412,9.4,0,1.8
서초,20200413,12.3,0,1.8
서초,20200414,12.9,0,1.7
서초,20200415,13.3,0,1.4
서초,20200416,16.2,0,1.6
서초,20200417,12.5,8,1.4
서초,20200418,14.1,0,1.6
서초,20200419,12.3,11.5,1.3
서초,20200420,10.8,0.5,1.8
서초,20200421,8.2,0,2.4
서초,20200422,6.9,0,2.8
서초,20200423,8.8,0,2.4
서초,20200424,10.5,0,1.8
서초,20200425,14.1,0,1.9
서초,20200426,12.9,0,1.9
서초,20200427,13.2,0,1.6
서초,20200428,14.3,0,1.5
서초,20200429,15,0,1.6
서초,20200430,17.6,0,1.5
서초,20200501,21.3,0,1.4
서초,20200502,21.2,0,1.3
서초,20200503,21.7,0,1.3
서초,20200504,20.6,0,1.5
서초,20200505,15.8,0,1.1
서초,20200506,19.6,0,1.5
서초,20200507,21.1,0,1.8
서초,20200508,19.9,3,1.6
서초,20200509,14.7,22.5,1.2
서초,20200510,14.8,0.5,1.1
서초,20200511,17.1,3,1.6
서초,20200512,14.9,1,1.8
서초,20200513,16.1,0,1.6
서초,20200514,19.7,0,1.2
서초,20200515,16,10,1.7
서초,20200516,17.3,1,0.8
서초,20200517,20,0,1.2
서초,20200518,19.4,23,1.8
송파,20190101,-3.3,0,1.5
송파,20190102,-3.1,0,1.3
송파,20190103,-1.3,0,1
송파,20190104,0,0,1
송파,20190105,-1,0,1.9
송파,20190106,-1.2,0,1.2
송파,20190107,-0.3,0,1.1
송파,20190108,-1.9,0,2.7
송파,20190109,-3.3,0,1.3
송파,20190110,0.6,0,1.1
송파,20190111,3.3,0,1.2
송파,20190112,4.3,0,1
송파,20190113,2.8,0,1
송파,20190114,2.5,0,0.8
송파,20190115,-0.5,0,2.6
송파,20190116,-4.1,0,1.9
송파,20190117,0.9,0,1.8
송파,20190118,2,0,1.2
송파,20190119,4.6,0,0.9
송파,20190120,-0.2,0,3.1
송파,20190121,0.6,0,1.6
송파,20190122,3.2,0,1.2
송파,20190123,3.3,0,2
송파,20190124,1.7,0,1.3
송파,20190125,0.1,0,2.3
송파,20190126,-1,0,2
송파,20190127,1.2,0,1.3
송파,20190128,2.1,0,2.7
송파,20190129,1.6,0,1.1
송파,20190130,3.1,0,1.2
송파,20190131,-0.4,0,2
송파,20190201,-0.5,0,1.5
송파,20190202,2.8,0,1.4
송파,20190203,4.1,0,1.3
송파,20190204,1.2,0,2
송파,20190205,3.9,0,1.3
송파,20190206,6.1,0,1.1
송파,20190207,-0.8,0,2.8
송파,20190208,-4.5,0,1.8
송파,20190209,-4,0,2.3
송파,20190210,-3.7,0,1.5
송파,20190211,-1.6,0,2
송파,20190212,0.8,0,1.5
송파,20190213,-0.5,0,1.8
송파,20190214,0.8,0,1.3
송파,20190215,0.4,0,1.6
송파,20190216,-1.2,0,2.2
송파,20190217,0.1,0,1.7
송파,20190218,2.2,3,1.1
송파,20190219,2.3,0,1.2
송파,20190220,2.9,,1.8
송파,20190221,3.7,,1.1
송파,20190222,5,,1.1
송파,20190223,7.8,0,1.1
송파,20190224,7.2,0,1.1
송파,20190225,6.3,0,1.3
송파,20190226,7.4,0,1.2
송파,20190227,9.1,0,1.2
송파,20190228,8.2,0,1.1
송파,20190301,7.9,0,1.4
송파,20190302,9,0,0.9
송파,20190303,10.5,0,1
송파,20190304,11,0,1.1
송파,20190305,9.1,0,1.4
송파,20190306,9.5,0,1.5
송파,20190307,8.4,0,1.6
송파,20190308,7.1,0,1.7
송파,20190309,8.5,0,1.3
송파,20190310,10.9,0,1.4
송파,20190311,8.1,0,1.5
송파,20190312,5.3,0,2.3
송파,20190313,4.7,0,2.6
송파,20190314,6.2,0,1.7
송파,20190315,6,8.5,1.6
송파,20190316,5.5,0,1.4
송파,20190317,7.3,0,1.5
송파,20190318,8.2,0,1.4
송파,20190319,11.1,0,1.3
송파,20190320,11.2,17,1.1
송파,20190321,8.3,4,2.2
송파,20190322,4.3,0,2.8
송파,20190323,4.7,2.5,2.4
송파,20190324,5.5,0,1.7
송파,20190325,8.3,0,1.9
송파,20190326,12.3,0,1.3
송파,20190327,12.8,0,2.3
송파,20190328,10.4,0,1.9
송파,20190329,10,0,2
송파,20190330,6.3,2,1.9
송파,20190331,5.3,0,2.7
송파,20190401,6.7,0,2.3
송파,20190402,8.1,0,1.9
송파,20190403,8.4,0,1.7
송파,20190404,10.1,0,2.1
송파,20190405,12.1,0,2.1
송파,20190406,10.2,0,1.3
송파,20190407,13.3,0,1.6
송파,20190408,12.9,0,2
송파,20190409,10.3,11.5,2
송파,20190410,8.2,3,1.3
송파,20190411,10.4,0,1.2
송파,20190412,12.5,0,1.5
송파,20190413,12.9,0,1.6
송파,20190414,10.9,1.5,2
송파,20190415,12.8,0,1.4
송파,20190416,15.9,0,1.3
송파,20190417,16.3,0,1.5
송파,20190418,14.3,0,1.5
송파,20190419,14.1,0,1.7
송파,20190420,15,0,1.7
송파,20190421,16,0.5,1.3
송파,20190422,20,0,1.1
송파,20190423,21.1,0,1.1
송파,20190424,19.7,7,1.2
송파,20190425,14.3,11,1.6
송파,20190426,9.8,2.5,1.7
송파,20190427,12.8,0,1.5
송파,20190428,13.9,0,1.3
송파,20190429,13.8,0,1
송파,20190430,16.2,0,1.4
송파,20190501,17.3,0,1.8
송파,20190502,18.2,0,1.5
송파,20190503,18.9,0,1.5
송파,20190504,20.5,0,1.4
송파,20190505,20.4,0,1.6
송파,20190506,15.1,0,2.9
송파,20190507,16,0,1.8
송파,20190508,16.7,0,2
송파,20190509,17.1,0,1.8
송파,20190510,,0,
송파,20190511,21.1,0,1.4
송파,20190512,22.3,0,1.2
송파,20190513,19.5,0,1.4
송파,20190514,20.8,0,1.4
송파,20190515,21.6,0,1.4
송파,20190516,24.1,0,1.6
송파,20190517,24.2,0,1.1
송파,20190518,22.8,0,2.3
송파,20190519,20.1,16.5,1.4
송파,20190520,17.2,2.5,2.3
송파,20190521,17.9,0,2.3
송파,20190522,20.8,0,2.1
송파,20190523,23,0,1.5
송파,20190524,25.3,0,1.2
송파,20190525,24.6,0,1.5
송파,20190526,25.4,0,1.3
송파,20190527,18.4,5.5,2.4
송파,20190528,19.3,0,2
송파,20190529,21.2,0,1.8
송파,20190530,20.6,0,2.1
송파,20190531,19.8,0,1.9
송파,20190601,19.9,0,1.6
송파,20190602,22.2,0,1.5
송파,20190603,24,0,1.6
송파,20190604,23.8,0,1.7
송파,20190605,23.8,0,1.5
송파,20190606,21.9,6,1.4
송파,20190607,20.4,37,2.1
송파,20190608,22.6,0,1.4
송파,20190609,22.3,0,1.7
송파,20190610,19.3,11,1.8
송파,20190611,21.3,0,1.5
송파,20190612,22.5,0,1.5
송파,20190613,24,0,1.7
송파,20190614,24,0,1.4
송파,20190615,22.7,2.5,1.8
송파,20190616,22.6,0,1.4
송파,20190617,22.5,0,1.6
송파,20190618,21.3,8,1.5
송파,20190619,22.1,0,1.5
송파,20190620,23.5,0,1.6
송파,20190621,22.7,0,1.8
송파,20190622,24.5,0,1.8
송파,20190623,25,0,1.4
송파,20190624,25.4,0,1.4
송파,20190625,26.5,0,1.5
송파,20190626,25.7,0,1.4
송파,20190627,26,0,1.4
송파,20190628,25.2,0,1.4
송파,20190629,23.5,2,1.3
송파,20190630,24.6,0,1.6
송파,20190701,24.1,0,1.5
송파,20190702,24.9,0,1.7
송파,20190703,24.8,0,1.5
송파,20190704,26.3,0,1.5
송파,20190705,28.5,0,1.4
송파,20190706,29.8,0,1.9
송파,20190707,26.7,0,2.4
송파,20190708,25,0,2.1
송파,20190709,25.1,0,1.9
송파,20190710,22.8,13,2.2
송파,20190711,22,3.5,1.7
송파,20190712,24.1,0,1.5
송파,20190713,25.4,0,1.5
송파,20190714,26.3,0,1.2
송파,20190715,24.2,23.5,1.2
송파,20190716,25.4,0,1.3
송파,20190717,26.6,0,1.2
송파,20190718,27.9,1.5,1.1
송파,20190719,28.6,0,1.8
송파,20190720,28.7,0,2.3
송파,20190721,25.5,8,1.8
송파,20190722,27.7,0,1.4
송파,20190723,28.8,0,1.4
송파,20190724,27.2,0,1.5
송파,20190725,27,11,1.3
송파,20190726,25.9,106.5,1.2
송파,20190727,29,40.5,1.3
송파,20190728,26.6,30.5,1.8
송파,20190729,28.4,1,1.8
송파,20190730,29,0,2.3
송파,20190731,26.7,65,1.7
송파,20190801,27.5,48,1.3
송파,20190802,29.9,0,1.2
송파,20190803,29.9,0,1.2
송파,20190804,29.1,0,1
송파,20190805,31.5,0,1.2
송파,20190806,32,0,1.5
송파,20190807,27.1,12.5,1.1
송파,20190808,29.3,0,1.2
송파,20190809,29.7,7.5,1.3
송파,20190810,31.1,0,1.9
송파,20190811,30.9,3.5,3.2
송파,20190812,27,42.5,1.6
송파,20190813,30.4,0,1.3
송파,20190814,30.8,0,1.8
송파,20190815,25.7,35,1.8
송파,20190816,26.5,0,1.7
송파,20190817,26.2,0.5,1.7
송파,20190818,26,0,1.5
송파,20190819,26.8,0,1.2
송파,20190820,28.4,0,1.7
송파,20190821,27.2,1,1.4
송파,20190822,27.2,0,1.7
송파,20190823,26.7,0,1.9
송파,20190824,24.7,0,1.4
송파,20190825,25.1,0,1.5
송파,20190826,26.7,0,1.3
송파,20190827,25.7,2.5,1.2
송파,20190828,26.5,0,1.4
송파,20190829,23.3,59.5,1.9
송파,20190830,23.5,0,1.7
송파,20190831,24.2,0,1.5
송파,20190901,24.3,0,1
송파,20190902,25.2,0,1.1
송파,20190903,24.2,0,1.5
송파,20190904,23.4,14,1.2
송파,20190905,23.5,48.5,1
송파,20190906,25.9,1,1.1
송파,20190907,26.7,2.5,4.5
송파,20190908,25.5,0,1.3
송파,20190909,25.2,0.5,1.2
송파,20190910,24.1,54,1.5
송파,20190911,24.5,9.5,1.8
송파,20190912,21.9,1.5,1.4
송파,20190913,24,0,1.2
송파,20190914,22.8,0.5,1.3
송파,20190915,24.6,0,1.2
송파,20190916,24.9,0,1.6
송파,20190917,24.1,0,1.3
송파,20190918,22.3,0,1.7
송파,20190919,20.5,0,1.3
송파,20190920,20.3,0,1.5
송파,20190921,20.2,0,1.6
송파,20190922,18.6,3,2
송파,20190923,20.4,0,1.9
송파,20190924,20.4,0,1.1
송파,20190925,21.2,0,1
송파,20190926,23.3,0,1.1
송파,20190927,22.9,0,1
송파,20190928,24.1,0,1
송파,20190929,23.3,0,0.9
송파,20190930,23,0,0.8
송파,20191001,23.3,0,1.1
송파,20191002,22.5,23,1.4
송파,20191003,23,19.5,1.7
송파,20191004,22.8,0,1.1
송파,20191005,19.5,0,1.7
송파,20191006,18.8,0,1.8
송파,20191007,15.7,25,1.1
송파,20191008,16.2,0,2.2
송파,20191009,15,0,1.1
송파,20191010,15.7,0,0.8
송파,20191011,19.3,0,1.4
송파,20191012,18.7,0,2.6
송파,20191013,18.3,0,1.2
송파,20191014,16,0,1.6
송파,20191015,16.1,0,1.3
송파,20191016,15.9,0,1.2
송파,20191017,16.1,0,1.3
송파,20191018,17.9,0,1.4
송파,20191019,18.2,0,1.2
송파,20191020,17.2,0,0.9
송파,20191021,17.9,0,0.8
송파,20191022,18.7,0,0.9
송파,20191023,18,0,1.2
송파,20191024,19.7,0,1.7
송파,20191025,17.8,0,1.6
송파,20191026,11.3,0,2
송파,20191027,12.2,0,1.3
송파,20191028,13.7,2.5,1.9
송파,20191029,14,0,1.7
송파,20191030,12.2,0,1.3
송파,20191031,15.5,0,1.5
송파,20191101,16.1,0,1.1
송파,20191102,14.8,0,0.9
송파,20191103,15.3,0,1.4
송파,20191104,14.8,0,1.1
송파,20191105,13.2,0,1.1
송파,20191106,12.3,0,1.2
송파,20191107,11.1,0,1.7
송파,20191108,9,0,1.1
송파,20191109,10.6,0,1
송파,20191110,10.6,12.5,1.6
송파,20191111,12.2,0.5,2
송파,20191112,11,0,1.1
송파,20191113,8.5,7.5,2.1
송파,20191114,2.7,0,2.8
송파,20191115,6.3,19.5,1.8
송파,20191116,8.3,0,1
송파,20191117,9.2,35,1.2
송파,20191118,5.7,17,2.9
송파,20191119,1.8,0,2.7
송파,20191120,2.9,0,1.3
송파,20191121,5.5,0,1
송파,20191122,10.7,0,1.1
송파,20191123,12.5,0,0.8
송파,20191124,10.9,2.5,1.6
송파,20191125,4.1,0,1.9
송파,20191126,8.3,0,1.2
송파,20191127,5.3,0,1.9
송파,20191128,5.7,0,1.4
송파,20191129,4.3,0,1.3
송파,20191130,5.9,0,1.2
송파,20191201,6.1,2,1.3
송파,20191202,1.8,0,3
송파,20191203,1.5,0,1.6
송파,20191204,4.3,0,1.5
송파,20191205,-2.6,0,2.6
송파,20191206,-3.4,0,1.5
송파,20191207,-1.1,0,1.3
송파,20191208,0.7,0,0.9
송파,20191209,4.3,0,1.5
송파,20191210,9.2,1.5,1.2
송파,20191211,7.4,0,2.7
송파,20191212,1.2,0,2.3
송파,20191213,3.3,0,1.7
송파,20191214,4.4,0.5,2
송파,20191215,6.5,0,0.9
송파,20191216,9,0,0.8
송파,20191217,8.9,9.5,1.8
송파,20191218,2.7,0,1.8
송파,20191219,1.5,0,1.7
송파,20191220,0.8,0,1.7
송파,20191221,0.4,0,1.5
송파,20191222,5.1,0,1.1
송파,20191223,4.7,1.5,1.2
송파,20191224,2.5,0,1.1
송파,20191225,3.2,0,1.1
송파,20191226,3.2,0.5,2
송파,20191227,0.2,0,2
송파,20191228,2.4,0,1.3
송파,20191229,4.6,0.5,0.9
송파,20191230,3.7,0,2
송파,20191231,-6.1,0,2.9
송파,20200101,-1.5,0,1.4
송파,20200102,2.4,0,1.2
송파,20200103,2.1,0,1.3
송파,20200104,2.9,0,1.5
송파,20200105,2.9,0,0.9
송파,20200106,3.7,0,1.4
송파,20200107,6.8,47,1.3
송파,20200108,3.8,4,1.9
송파,20200109,0.8,0,2
송파,20200110,1.3,0,1.4
송파,20200111,1.4,0,1.5
송파,20200112,0.4,0,1.9
송파,20200113,-0.9,0,2.1
송파,20200114,-0.5,0,1.4
송파,20200115,-0.6,0,1.4
송파,20200116,0.2,0,1.3
송파,20200117,1.2,0,1.2
송파,20200118,2.2,0,1.2
송파,20200119,3.2,0.5,1.8
송파,20200120,2.7,0,2.2
송파,20200121,1.3,0,1.3
송파,20200122,3.9,0,1.1
송파,20200123,6.2,0,1.3
송파,20200124,5.1,0,1.1
송파,20200125,6.1,0,0.9
송파,20200126,7,0,1.5
송파,20200127,7.1,0,2.4
송파,20200128,8.3,0,1.7
송파,20200129,7.2,0,1.3
송파,20200130,6.6,0,1.3
송파,20200131,5.1,0,1.3
송파,20200201,4.2,0,1.4
송파,20200202,3.6,0,1.3
송파,20200203,0.9,0,2.5
송파,20200204,0.3,0,2
송파,20200205,-6.6,0,2.8
송파,20200206,-4.3,0,1.6
송파,20200207,0,0,1.4
송파,20200208,1.1,0,2.7
송파,20200209,1.1,0,1.4
송파,20200210,5.4,0,1.2
송파,20200211,7.8,0,0.8
송파,20200212,7.9,6.5,0.8
송파,20200213,7.7,0,1
송파,20200214,9.4,0,0.8
송파,20200215,10.6,1.5,1.1
송파,20200216,-0.1,9.5,2.2
송파,20200217,-4.8,0.5,3
송파,20200218,-2.1,0,2
송파,20200219,2.3,0,1
송파,20200220,5.8,0,1.1
송파,20200221,7.7,2.5,1.3
송파,20200222,5.4,2.5,2.7
송파,20200223,4.3,0,1.6
송파,20200224,8,0,1.2
송파,20200225,7.1,16.5,1.7
송파,20200226,7.7,0,1.7
송파,20200227,7.5,0,1.4
송파,20200228,5.3,2,1.1
송파,20200229,8.5,0,1.1
송파,20200301,6.9,0,1.2
송파,20200302,4.7,0,2.1
송파,20200303,6.2,0,1.2
송파,20200304,3.1,0,2.6
송파,20200305,2.7,0,1.9
송파,20200306,5,0,1.1
송파,20200307,8.2,0,0.7
송파,20200308,10.3,0,0.7
송파,20200309,12,0,0.7
송파,20200310,7.8,10.5,2.1
송파,20200311,4.6,0,2.6
송파,20200312,7.9,0,1.6
송파,20200313,6.2,0,2.3
송파,20200314,5,0,2
송파,20200315,5.1,0,3
송파,20200316,4.6,0,1.6
송파,20200317,7.5,0,1.6
송파,20200318,11.3,0,1.4
송파,20200319,10,0,3.3
송파,20200320,10.1,0,1.7
송파,20200321,13.6,0,1.4
송파,20200322,12,0,2.1
송파,20200323,12.1,0,1.2
송파,20200324,12.3,0,1.1
송파,20200325,13.6,0,1.2
송파,20200326,15.2,1,0.8
송파,20200327,13,5.5,2.1
송파,20200328,8.8,0,2.4
송파,20200329,10,0,1.2
송파,20200330,11.5,0,1.1
송파,20200331,12.9,0,1.2
송파,20200401,12.1,0,1.9
송파,20200402,10.4,0,1.3
송파,20200403,10.7,0,1.6
송파,20200404,9.9,0,2.6
송파,20200405,8.4,0,1.7
송파,20200406,10,0,1.6
송파,20200407,11.5,0,1.5
송파,20200408,10.4,0,2.8
송파,20200409,10,0,1.8
송파,20200410,11.4,0,1.4
송파,20200411,10.2,0,1.7
송파,20200412,10.5,0,2.3
송파,20200413,12.7,0,1.7
송파,20200414,13.7,0,1.6
송파,20200415,14.6,0,1.2
송파,20200416,17.2,0,1
송파,20200417,13.2,9.5,1.8
송파,20200418,14.6,0,1.5
송파,20200419,13.1,9,1.1
송파,20200420,11.1,0,2
송파,20200421,8.7,0,2.7
송파,20200422,6.9,0,3.4
송파,20200423,9,0,2.7
송파,20200424,11.2,0,2.1
송파,20200425,14.2,0,2.6
송파,20200426,13.7,0,1.9
송파,20200427,13.5,0,1.7
송파,20200428,14.9,0,1.8
송파,20200429,16,0,1.9
송파,20200430,18.1,0,1.8
송파,20200501,21.2,0,1.6
송파,20200502,21,0,1.6
송파,20200503,22.3,0,1.3
송파,20200504,21.2,0,1.6
송파,20200505,17,0,1.3
송파,20200506,20.4,0,1.2
송파,20200507,21.5,0,1.7
송파,20200508,20.5,1.5,1.8
송파,20200509,15.2,25.5,1.8
송파,20200510,15,0,1.4
송파,20200511,17.5,2,1.8
송파,20200512,15.5,1,2.1
송파,20200513,17.4,0,1.9
송파,20200514,20.2,0,1.3
송파,20200515,16.9,9.5,1.4
송파,20200516,17.5,0.5,1
송파,20200517,20.4,0,1.4
송파,20200518,20.2,28.5,2
마포,20190101,-4.7,0,3
마포,20190102,-4.1,0,2.3
마포,20190103,-3,0,1.6
마포,20190104,-0.2,0,1.5
마포,20190105,-2.8,0,3.2
마포,20190106,-2.3,0,1.5
마포,20190107,-1,0,1.6
마포,20190108,-3.3,0,4.2
마포,20190109,-4.1,0,1.8
마포,20190110,-0.3,0,1.4
마포,20190111,3.2,0,1.2
마포,20190112,2.9,0,1.4
마포,20190113,1.6,0,1.7
마포,20190114,2.2,0,1.1
마포,20190115,-1.8,0,4
마포,20190116,-5.1,0,2.6
마포,20190117,0.2,0,2.7
마포,20190118,1.5,0,1.1
마포,20190119,4.3,0,1.7
마포,20190120,-1.4,0,4.7
마포,20190121,-0.2,0,2.1
마포,20190122,2.9,0,2
마포,20190123,2.5,0,3
마포,20190124,0.4,0,2
마포,20190125,-1.1,0,3.6
마포,20190126,-2.7,0,3.4
마포,20190127,0.6,0,1.9
마포,20190128,1.4,0,4.6
마포,20190129,0.3,0,1.9
마포,20190130,2.4,0,1.7
마포,20190131,-2.3,0,3.9
마포,20190201,-1.2,0,2.2
마포,20190202,2.6,0,2.4
마포,20190203,3.2,16.5,3.3
마포,20190204,-0.4,0,2.7
마포,20190205,4.3,0,1.7
마포,20190206,6.1,0,1.8
마포,20190207,-2.3,0,4.9
마포,20190208,-6.2,0,3
마포,20190209,-5.2,0,3.9
마포,20190210,-4.6,0,2.3
마포,20190211,-2.5,0,3.1
마포,20190212,-0.3,0,2.4
마포,20190213,-2.1,0,3.3
마포,20190214,-0.4,0,1.8
마포,20190215,-0.9,0.5,2.3
마포,20190216,-2.5,0,3.7
마포,20190217,-1.1,0,2.4
마포,20190218,1.6,0,1.6
마포,20190219,1.5,3,2
마포,20190220,2,0,2.9
마포,20190221,2.7,0,1.9
마포,20190222,4.6,0,1.6
마포,20190223,7.7,0,1.5
마포,20190224,7.1,0,1.9
마포,20190225,4.8,0,2.5
마포,20190226,5.4,0,2
마포,20190227,8.1,0,1.7
마포,20190228,6.9,0,2
마포,20190301,7.1,0,2.2
마포,20190302,8.4,0,1.5
마포,20190303,9.9,0,1.5
마포,20190304,9.7,0,2
마포,20190305,8.4,0,1.8
마포,20190306,8.5,0,1.9
마포,20190307,7.4,0,2.9
마포,20190308,6.6,0,1.9
마포,20190309,8,0,1.7
마포,20190310,10.7,0,1.7
마포,20190311,7.1,0,1.9
마포,20190312,4.2,0,3.7
마포,20190313,3.8,0,4.7
마포,20190314,5.7,0,1.9
마포,20190315,5.4,3,1.9
마포,20190316,4.5,0,2.4
마포,20190317,6.9,0,2.4
마포,20190318,8,0,1.5
마포,20190319,10.6,0,1.5
마포,20190320,10.7,19.5,2.6
마포,20190321,7.2,3.5,4.2
마포,20190322,3.6,0,4.2
마포,20190323,4.7,0,3.6
마포,20190324,5,0,2.6
마포,20190325,7.9,0,2.7
마포,20190326,11.6,0,2.1
마포,20190327,11.6,0,3.3
마포,20190328,9.5,0,2.8
마포,20190329,9.4,0,3
마포,20190330,5.1,2,3.9
마포,20190331,4.7,0,4.5
마포,20190401,6,0,3.3
마포,20190402,7.4,0,2.8
마포,20190403,8.3,0,2.5
마포,20190404,9.8,0,2.9
마포,20190405,11.5,0,3.4
마포,20190406,10,0.5,1.5
마포,20190407,12.8,0,1.9
마포,20190408,11.7,0,3.3
마포,20190409,9.5,13.5,4.4
마포,20190410,7.1,4,3
마포,20190411,10.1,0,2.1
마포,20190412,11.8,0,2.2
마포,20190413,12.8,0,2
마포,20190414,9.9,1.5,3
마포,20190415,12.7,0,1.9
마포,20190416,15.8,0,2.1
마포,20190417,16.3,0,2.1
마포,20190418,12.9,0,2.2
마포,20190419,14.1,0,2.4
마포,20190420,14.6,0.5,2.3
마포,20190421,14.4,0.5,2
마포,20190422,19.7,0,1.7
마포,20190423,20.5,0,1.2
마포,20190424,19.3,4,1.6
마포,20190425,13.2,8.5,3.5
마포,20190426,8.6,4.5,2.6
마포,20190427,12.5,0,1.9
마포,20190428,13.6,0,2.1
마포,20190429,13.9,0,1.4
마포,20190430,16.3,0,1.9
마포,20190501,16.7,0,2.6
마포,20190502,17.7,0,2.7
마포,20190503,18.8,0,1.6
마포,20190504,20.1,0,2
마포,20190505,19.8,0,2.6
마포,20190506,14.5,0,4.8
마포,20190507,15.6,0,2.4
마포,20190508,,0,
마포,20190509,,0,
마포,20190510,18.4,0,1.9
마포,20190511,20.4,0,1.8
마포,20190512,21.9,0,1.8
마포,20190513,19,0,1.8
마포,20190514,20.6,0,1.8
마포,20190515,20.8,0,1.7
마포,20190516,24,0,1.9
마포,20190517,23.9,0,1.5
마포,20190518,22.7,0,3.7
마포,20190519,18.7,17,3.1
마포,20190520,16.4,6.5,4
마포,20190521,17.6,0,3.2
마포,20190522,20.3,0,2.9
마포,20190523,22.9,0,1.9
마포,20190524,25.1,0,2.3
마포,20190525,24,0,1.8
마포,20190526,25.2,0,1.8
마포,20190527,17.5,5,4.1
마포,20190528,18.9,0,3
마포,20190529,21.2,0,2.2
마포,20190530,20.2,0,2.5
마포,20190531,19.5,0,3.1
마포,20190601,19,0,1.9
마포,20190602,21.9,0,2.1
마포,20190603,23.5,0,2.1
마포,20190604,23.1,0,2.4
마포,20190605,22.9,0,1.8
마포,20190606,20.9,5.5,1.9
마포,20190607,20.2,32.5,3.5
마포,20190608,22.6,0,2
마포,20190609,21.7,0,1.9
마포,20190610,18.4,10.5,3.5
마포,20190611,20.7,0,2.2
마포,20190612,22.2,0,2.1
마포,20190613,23.5,0,2.1
마포,20190614,23,0,2.6
마포,20190615,22.5,2,3.2
마포,20190616,23,0,1.8
마포,20190617,22,0,2.2
마포,20190618,,10,
마포,20190619,,0,
마포,20190620,22.7,0,2.4
마포,20190621,22.5,2.5,2.4
마포,20190622,24.6,0,2.9
마포,20190623,25.2,0,3
마포,20190624,25.4,0,2.3
마포,20190625,26.1,0,1.8
마포,20190626,25.7,0,2.1
마포,20190627,25.3,1,1.8
마포,20190628,24.4,0,1.5
마포,20190629,23.4,1,2.2
마포,20190630,24,0,2.4
마포,20190701,24.1,0,2.2
마포,20190702,24.8,0,2.4
마포,20190703,24,0,2
마포,20190704,25.7,0,2.2
마포,20190705,28.1,0,1.9
마포,20190706,30.2,0,2.6
마포,20190707,26.8,0,4.2
마포,20190708,24.9,0,3.5
마포,20190709,25.9,0,3.5
마포,20190710,22.7,7,3.8
마포,20190711,21.5,2.5,3
마포,20190712,24.2,0,2.2
마포,20190713,25.2,0,1.6
마포,20190714,26.3,0,1.6
마포,20190715,24.6,1.5,1.6
마포,20190716,24.8,0,1.7
마포,20190717,26.2,0,1.4
마포,20190718,27.8,0,1.4
마포,20190719,29.2,0,2.4
마포,20190720,28.4,0,4.5
마포,20190721,25.1,5.5,2.8
마포,20190722,27.1,0,2.2
마포,20190723,28.3,0,1.5
마포,20190724,26.4,1,1.6
마포,20190725,26.2,11,1.4
마포,20190726,25.2,41,2.2
마포,20190727,28.6,3,1.6
마포,20190728,25.8,27,2.8
마포,20190729,27.7,0.5,2.9
마포,20190730,28.3,1.5,3.8
마포,20190731,26,48,3
마포,20190801,27.1,11.5,2.2
마포,20190802,29.2,0,1.5
마포,20190803,30.2,5,1.4
마포,20190804,29.4,3,1.4
마포,20190805,31.2,0,1.5
마포,20190806,32.1,0,2.5
마포,20190807,27.2,6.5,1.3
마포,20190808,29,0,1.8
마포,20190809,30.1,0,1.7
마포,20190810,31.5,0,2.8
마포,20190811,29.7,6.5,4.9
마포,20190812,26.5,52.5,2.7
마포,20190813,28.7,10.5,1.5
마포,20190814,30.6,0,2.2
마포,20190815,25.9,18.5,2
마포,20190816,26.2,0,2.3
마포,20190817,25.9,0,2.8
마포,20190818,25.9,0,1.7
마포,20190819,26.8,0,1.5
마포,20190820,28.4,0,2.3
마포,20190821,27.2,1,2.2
마포,20190822,27.1,0,2.1
마포,20190823,26.3,0,2.8
마포,20190824,24.3,0,1.8
마포,20190825,25.7,0,1.9
마포,20190826,26.8,0,1.5
마포,20190827,25.5,6.5,1.6
마포,20190828,26.1,0,1.9
마포,20190829,23.3,52.5,2.4
마포,20190830,23.5,0,2.6
마포,20190831,24.1,0,2.1
마포,20190901,24.3,0,1.5
마포,20190902,,0,
마포,20190903,,1,
마포,20190904,22.9,31.5,3.5
마포,20190905,23.3,64.5,2.4
마포,20190906,25.7,5,2.3
마포,20190907,26,2.5,7.5
마포,20190908,24.8,0,1.9
마포,20190909,25.4,0,1.8
마포,20190910,,54.5,2.7
마포,20190911,,0,
마포,20190912,20.9,6.5,3
마포,20190913,23.6,0,1.9
마포,20190914,22.6,0,1.2
마포,20190915,24.3,0,1.6
마포,20190916,25.1,0,2.2
마포,20190917,24.1,0,2.7
마포,20190918,20.8,0,3.7
마포,20190919,19.9,0,2
마포,20190920,20.3,0,1.9
마포,20190921,20.2,0,1.8
마포,20190922,18.9,0,3.8
마포,20190923,20,0,2.7
마포,20190924,20.3,0,1.8
마포,20190925,21.7,0,1.6
마포,20190926,23.5,0,1.8
마포,20190927,23.6,0,1.6
마포,20190928,24.2,0,1.8
마포,20190929,22.6,0,1.6
마포,20190930,23.1,0,1.5
마포,20191001,23.5,0,1.5
마포,20191002,21.9,18.5,3.1
마포,20191003,,5,
마포,20191004,,0,
마포,20191005,18.7,0,3.1
마포,20191006,18.1,0,3.6
마포,20191007,14.7,21.5,2.1
마포,20191008,15.1,0,3.1
마포,20191009,14.8,0,1.6
마포,20191010,15.6,0,1.7
마포,20191011,19.3,0,1.8
마포,20191012,18,0,3.4
마포,20191013,17.5,0,2.1
마포,20191014,14.4,0,3
마포,20191015,15,0,1.8
마포,20191016,15.4,0,1.7
마포,20191017,16.2,0,1.6
마포,20191018,17.7,0,2.7
마포,20191019,17.7,0,1.6
마포,20191020,17,0,1.3
마포,20191021,18,0,1.1
마포,20191022,18.7,0,1.6
마포,20191023,17.9,0,2.7
마포,20191024,19,0,2.8
마포,20191025,16.9,0,2.5
마포,20191026,10.1,0,3
마포,20191027,12,0,1.5
마포,20191028,13.6,2,2.6
마포,20191029,12.9,0.5,2.7
마포,20191030,12.2,0,1.6
마포,20191031,15.5,0,2.1
마포,20191101,15.2,0,1.5
마포,20191102,14.6,0,1.6
마포,20191103,15.1,0,2.5
마포,20191104,14.3,0,2.6
마포,20191105,13.3,0,1.5
마포,20191106,11.5,0,1.8
마포,20191107,9,0,3.1
마포,20191108,7.1,0,1.9
마포,20191109,10.5,0,1.3
마포,20191110,10.7,13,2.6
마포,20191111,11.2,1.5,2.8
마포,20191112,10.8,0,1.2
마포,20191113,8.1,8,3.5
마포,20191114,2,0,3.8
마포,20191115,6.4,19,2.5
마포,20191116,8,0,0.8
마포,20191117,9.2,22,3.8
마포,20191118,4.7,13,4.7
마포,20191119,0.6,0,3.7
마포,20191120,1.4,0,2
마포,20191121,5.5,0,1.7
마포,20191122,11.1,0,2.5
마포,20191123,13.3,0,2
마포,20191124,10.4,3,3
마포,20191125,2.1,0,2.9
마포,20191126,7.2,0,2
마포,20191127,3,0,3.1
마포,20191128,3.6,0,2.4
마포,20191129,2,0,2.4
마포,20191130,5.1,0,1.7
마포,20191201,5,2,2
마포,20191202,0.3,0,4.3
마포,20191203,1.7,0,1
마포,20191204,2.3,0,1.9
마포,20191205,-4.4,0,4.2
마포,20191206,-5.1,0,2.1
마포,20191207,-1,0,1.7
마포,20191208,0.6,0,1.5
마포,20191209,4.4,0,3
마포,20191210,8.9,1.5,1.4
마포,20191211,6.6,0,4.7
마포,20191212,-0.2,0,3.1
마포,20191213,3.3,0.5,2.4
마포,20191214,3,0,3.1
마포,20191215,6.5,0,1.7
마포,20191216,9.1,0,1.9
마포,20191217,7.9,9,3.1
마포,20191218,0.6,0,2.9
마포,20191219,-0.6,0,2.9
마포,20191220,-0.9,0,2.9
마포,20191221,0.1,0,2
마포,20191222,4.7,0,1.8
마포,20191223,3.4,2.5,2.2
마포,20191224,1.6,0,0.5
마포,20191225,3,0,1
마포,20191226,2.1,0,2.9
마포,20191227,-0.9,0,2.4
마포,20191228,2.5,0,2.3
마포,20191229,4.5,0.5,2.7
마포,20191230,2.8,0.5,3.4
마포,20191231,-7.5,0,4
마포,20200101,-1.7,0,0.3
마포,20200102,1.7,0,1.1
마포,20200103,0.5,0,1.9
마포,20200104,2.1,0,2
마포,20200105,2.4,0,1
마포,20200106,3.7,0,4
마포,20200107,6.7,41,4.6
마포,20200108,2.5,7,3.8
마포,20200109,-0.7,0,3.1
마포,20200110,-0.1,0,1.7
마포,20200111,0.4,0,1.8
마포,20200112,-0.8,0,2.8
마포,20200113,-2.3,0,3
마포,20200114,-1.4,0,2.1
마포,20200115,-2.2,0,2.6
마포,20200116,-1.3,0,2.3
마포,20200117,-0.1,0,1.4
마포,20200118,0.8,0,1.8
마포,20200119,2.5,0,2.8
마포,20200120,1,0,3.3
마포,20200121,0.1,0,1.5
마포,20200122,4,0,1.6
마포,20200123,4.8,0,1.9
마포,20200124,3,0,2.2
마포,20200125,4.5,0,1.2
마포,20200126,6,0,2.4
마포,20200127,6.1,0,4.2
마포,20200128,7.4,0,2.8
마포,20200129,6.7,0,2
마포,20200130,6.4,0,2
마포,20200131,4.5,0,2.2
마포,20200201,3.2,0,2.1
마포,20200202,2,0,2.1
마포,20200203,0,0,3.7
마포,20200204,-0.7,1,3.1
마포,20200205,-8.3,0,4.7
마포,20200206,-5.9,0,2.2
마포,20200207,-1.2,0,2.1
마포,20200208,0.1,0,4
마포,20200209,0.3,0,2.1
마포,20200210,4.8,0,1.5
마포,20200211,8.1,0,1.8
마포,20200212,7.5,5.5,2.2
마포,20200213,6.7,0,1.7
마포,20200214,8.6,0,1.6
마포,20200215,10.2,1.5,3
마포,20200216,-1.3,9.5,4.4
마포,20200217,-5.6,0,4.5
마포,20200218,-3.3,0,2.9
마포,20200219,2,0,1.7
마포,20200220,5.4,0,1.8
마포,20200221,7.3,3.5,2.3
마포,20200222,4.3,2.5,5.1
마포,20200223,3.2,0,1.9
마포,20200224,7.5,0,2
마포,20200225,7,13,4
마포,20200226,7,0,2.2
마포,20200227,6.6,0,2
마포,20200228,4.9,2.5,1.4
마포,20200229,7.6,0,2.1
마포,20200301,6.2,0,1.9
마포,20200302,3.7,0,3.6
마포,20200303,5.5,0,2.4
마포,20200304,2.6,0,4.7
마포,20200305,1.8,0,2.9
마포,20200306,4.2,0,1.6
마포,20200307,7.5,0,2.1
마포,20200308,10.1,0,1.8
마포,20200309,11.6,0,1.9
마포,20200310,6.3,8.5,3.8
마포,20200311,4.2,0,3.9
마포,20200312,7.7,0,2.7
마포,20200313,4.7,0,4.1
마포,20200314,4.1,0,3.1
마포,20200315,4.5,0,4.8
마포,20200316,3.8,0,2.8
마포,20200317,7.3,0,2.3
마포,20200318,11.2,0,2.1
마포,20200319,9.2,0,5.8
마포,20200320,9.4,0,3.3
마포,20200321,12.9,0,2.3
마포,20200322,11.2,0,4.1
마포,20200323,11.1,0,2.3
마포,20200324,12.2,0,2.1
마포,20200325,13.6,0,1.8
마포,20200326,15.3,1,2
마포,20200327,11.6,4,4.3
마포,20200328,7.6,0,4.6
마포,20200329,9.5,0,1.9
마포,20200330,10.4,0,1.8
마포,20200331,12.1,0,2
마포,20200401,11.3,0,4
마포,20200402,9.9,0,2.4
마포,20200403,10.5,0,2.4
마포,20200404,9.2,0,4.7
마포,20200405,7.8,0,2.9
마포,20200406,10.1,0,2.2
마포,20200407,11.1,0,2.3
마포,20200408,9.9,0,4.3
마포,20200409,9.2,0,3.1
마포,20200410,10.9,0,2.4
마포,20200411,10.2,0,1.9
마포,20200412,10.2,0,3.4
마포,20200413,13,0,3
마포,20200414,13.5,0,2.1
마포,20200415,13.9,0,2.3
마포,20200416,16.3,0,2.2
마포,20200417,12.5,4.5,3.1
마포,20200418,13.9,0,2.9
마포,20200419,12.4,12,2.7
마포,20200420,10.3,0,3.5
마포,20200421,8.1,0,5.3
마포,20200422,6.5,0,5.4
마포,20200423,8.7,0,4.7
마포,20200424,10.6,0,3.6
마포,20200425,13.7,0,3.8
마포,20200426,13,0,3.6
마포,20200427,13.5,0,2.8
마포,20200428,14.5,0,2.1
마포,20200429,16,0,2.3
마포,20200430,18,0,2.5
마포,20200501,20.6,0,2.4
마포,20200502,20.6,0,2.2
마포,20200503,22.2,0,2
마포,20200504,20,0,2.2
마포,20200505,16.2,0,1.3
마포,20200506,20.8,0,1.8
마포,20200507,21.1,0,3.1
마포,20200508,20.1,2.5,2.8
마포,20200509,14.1,21.5,3.7
마포,20200510,14.2,0.5,2.1
마포,20200511,16.7,3,2.8
마포,20200512,14.7,1,3.2
마포,20200513,17.3,0,2.8
마포,20200514,20.7,0,2.1
마포,20200515,16.1,9.5,3.5
마포,20200516,16.5,2,1.3
마포,20200517,19,0,1.8
마포,20200518,19.2,23,2.7
광진,20190101,-4.1,0,1.6
광진,20190102,-3.8,0,1.4
광진,20190103,-3.1,0,0.9
광진,20190104,-0.8,0,1.1
광진,20190105,-1.6,0,1.8
광진,20190106,-2.1,0,1.2
광진,20190107,-1.2,0,1.2
광진,20190108,-2.2,0,2.4
광진,20190109,-3.9,0,1.1
광진,20190110,-0.1,0,1.1
광진,20190111,2.5,0,0.8
광진,20190112,3.3,0,1.1
광진,20190113,1.5,0,1
광진,20190114,1.4,0,0.7
광진,20190115,-0.6,0,2.5
광진,20190116,-4.4,0,1.8
광진,20190117,0.4,0,0.8
광진,20190118,0.9,0,0.3
광진,20190119,3.7,0,0.1
광진,20190120,-0.4,0,2.6
광진,20190121,-0.1,0,1.1
광진,20190122,1.8,0,0.9
광진,20190123,2.3,0,1.5
광진,20190124,0.8,0,0.9
광진,20190125,-0.3,0,1.8
광진,20190126,-1.5,0,1.9
광진,20190127,0.1,0,1.3
광진,20190128,2.1,0,2.5
광진,20190129,0.5,0,0.6
광진,20190130,2.5,0,1
광진,20190131,-0.7,0,2.3
광진,20190201,-1.1,0,1.5
광진,20190202,2.1,0,0.9
광진,20190203,3.6,25.5,1.3
광진,20190204,0.7,0,2.1
광진,20190205,2.6,0,0.8
광진,20190206,5.1,0,1
광진,20190207,-0.6,0,3
광진,20190208,-4.9,0,1.7
광진,20190209,-4,0,2.1
광진,20190210,-3.9,0,1.5
광진,20190211,-1.6,0,2
광진,20190212,0.4,0,1.4
광진,20190213,-0.7,0,1.9
광진,20190214,0.2,0,1.2
광진,20190215,0.1,0.5,1.6
광진,20190216,-1.4,0,2.2
광진,20190217,-0.4,0,1.7
광진,20190218,1.5,0,0.9
광진,20190219,2,4,1.1
광진,20190220,2.8,0,1.8
광진,20190221,3,0,0.9
광진,20190222,4.3,0,1.2
광진,20190223,6.8,0,1
광진,20190224,6.4,0,1.4
광진,20190225,5.8,0,1.6
광진,20190226,5.8,0,1.2
광진,20190227,8.6,0,1.2
광진,20190228,7.5,0,1.3
광진,20190301,6.8,0,1.4
광진,20190302,7.7,0,0.8
광진,20190303,9.3,0,1
광진,20190304,10.3,0,1.3
광진,20190305,8.8,0,1.3
광진,20190306,8.9,0,1.3
광진,20190307,8.4,0,1.8
광진,20190308,6.8,0,1.5
광진,20190309,7.4,0,1
광진,20190310,10.4,0,1.2
광진,20190311,7.2,0,1.5
광진,20190312,5,0.5,2.3
광진,20190313,4.7,0,2.9
광진,20190314,5.7,0,1.5
광진,20190315,5.5,7.5,1.5
광진,20190316,5.3,0,1.5
광진,20190317,7.1,0,1.6
광진,20190318,7.5,0,1.2
광진,20190319,10.3,0,1.1
광진,20190320,10.4,18,1
광진,20190321,8,4,2.4
광진,20190322,4.4,0,2.4
광진,20190323,4.4,3,2.1
광진,20190324,5.1,0,2
광진,20190325,8.1,0,1.6
광진,20190326,11.9,0,1.5
광진,20190327,12.5,0,2.4
광진,20190328,10.4,0,2
광진,20190329,9.9,0,2
광진,20190330,6,3,2.5
광진,20190331,5.3,0,2.6
광진,20190401,6.6,0,2.3
광진,20190402,7.5,0,1.9
광진,20190403,8.3,0,1.9
광진,20190404,9.7,0,2.2
광진,20190405,12.2,0,2.5
광진,20190406,9.7,0.5,1
광진,20190407,12.9,0,1.5
광진,20190408,12.6,0,1.9
광진,20190409,9.4,19.5,2.4
광진,20190410,7.6,4.5,1.7
광진,20190411,10.1,0,1.4
광진,20190412,12,0,1.6
광진,20190413,12.6,0,1.6
광진,20190414,10.4,1.5,1.8
광진,20190415,12.1,0,1.5
광진,20190416,14.9,0,1.3
광진,20190417,15.6,0,1.5
광진,20190418,13.3,0,1.5
광진,20190419,13.9,0,1.6
광진,20190420,14.6,0,1.4
광진,20190421,15.7,0.5,1.4
광진,20190422,19.5,0,1
광진,20190423,20.4,0,1
광진,20190424,19.2,6.5,1.2
광진,20190425,13.3,12,1.9
광진,20190426,9.2,4,1.8
광진,20190427,12.2,0,1.4
광진,20190428,13.5,0,1.1
광진,20190429,13,0,0.9
광진,20190430,15.8,0,1.4
광진,20190501,16.8,0,1.8
광진,20190502,17.5,0,1.5
광진,20190503,18.3,0,1.4
광진,20190504,19.8,0,1.3
광진,20190505,19.7,0,1.6
광진,20190506,14.8,0,2.4
광진,20190507,15.6,0,1.9
광진,20190508,16.6,0,1.7
광진,20190509,17.3,0,1.8
광진,20190510,18.3,0,1.5
광진,20190511,20.8,0,1.2
광진,20190512,21.6,0,1.1
광진,20190513,19,0,1.2
광진,20190514,20.2,0,1.2
광진,20190515,21.2,0,1.2
광진,20190516,23.7,0,1.3
광진,20190517,23.6,0,0.9
광진,20190518,22.6,0,1.9
광진,20190519,19,17.5,1
광진,20190520,17.1,4,2.5
광진,20190521,17.6,0,2.2
광진,20190522,20.3,0,2
광진,20190523,22.4,0,1.2
광진,20190524,24.7,0,1.2
광진,20190525,24,0,1.3
광진,20190526,24.4,0,1.4
광진,20190527,18.2,5.5,2
광진,20190528,19.1,0,1.9
광진,20190529,20.7,0,1.6
광진,20190530,20.2,0,1.9
광진,20190531,19.8,0,2.1
광진,20190601,19.4,0,1.5
광진,20190602,21.8,0,1.4
광진,20190603,23.7,0,1.3
광진,20190604,23.5,0,1.7
광진,20190605,23.8,0,1.5
광진,20190606,21.4,5.5,1.1
광진,20190607,19.7,43.5,2
광진,20190608,22.1,0,1.3
광진,20190609,21.9,0,1.6
광진,20190610,18.5,9,1.9
광진,20190611,21.1,0,1.6
광진,20190612,22,0,1.5
광진,20190613,23.3,0,1.3
광진,20190614,23.7,0,1.3
광진,20190615,22.3,4,1.8
광진,20190616,22.2,0,1.5
광진,20190617,22.4,0,1.7
광진,20190618,20.5,10.5,1.3
광진,20190619,21.9,0,1.3
광진,20190620,23.5,0,1.5
광진,20190621,22.6,0,1.6
광진,20190622,24,0,2.1
광진,20190623,24.2,0.5,1.6
광진,20190624,25.6,0,1.7
광진,20190625,26,0,1.2
광진,20190626,25.3,0,1.1
광진,20190627,26,0.5,1.5
광진,20190628,25.2,0,1.4
광진,20190629,23,1,1.2
광진,20190630,24.5,0,1.7
광진,20190701,24.4,0,1.8
광진,20190702,25,0,1.8
광진,20190703,24.7,0,1.2
광진,20190704,26.1,0,1.6
광진,20190705,28,0,1.3
광진,20190706,29.3,0,1.7
광진,20190707,26,0,2.8
광진,20190708,24.7,0,2.5
광진,20190709,24.6,0,2.3
광진,20190710,22.1,13.5,2.4
광진,20190711,21.7,6,1.6
광진,20190712,24.2,0,1.6
광진,20190713,25.1,0,1.4
광진,20190714,26.3,0,1.3
광진,20190715,23.4,29.5,1
광진,20190716,25,1,1.1
광진,20190717,25.8,0,1
광진,20190718,27.6,0.5,1.1
광진,20190719,28.1,0,1.5
광진,20190720,28.1,0,2.1
광진,20190721,25.5,6,1.8
광진,20190722,27.6,0,1.6
광진,20190723,28.4,0,1.2
광진,20190724,27,0,1.1
광진,20190725,26.3,11,0.8
광진,20190726,25.3,91.5,1.2
광진,20190727,28.4,36,1
광진,20190728,25.8,31.5,1.1
광진,20190729,27.7,0.5,1.5
광진,20190730,28.4,0,1.8
광진,20190731,25.8,67.5,1.2
광진,20190801,27.1,60.5,1.2
광진,20190802,29.5,0,1
광진,20190803,29.2,0,1.1
광진,20190804,27.9,25.5,1
광진,20190805,30.4,0,1
광진,20190806,31.1,0,1.9
광진,20190807,25.8,13,1
광진,20190808,28.7,0,1.1
광진,20190809,29.3,0,1.2
광진,20190810,30.9,0,1.6
광진,20190811,30.2,3.5,2.4
광진,20190812,26,40,1.1
광진,20190813,29.5,0,1
광진,20190814,30.2,0,1.9
광진,20190815,25.2,37.5,1.6
광진,20190816,26.4,0,1.9
광진,20190817,25.9,0,1.8
광진,20190818,25.8,0,1.4
광진,20190819,26.3,0,1.2
광진,20190820,27.6,0,1.7
광진,20190821,26.2,1.5,1
광진,20190822,26.7,0,1.5
광진,20190823,26.6,0,1.6
광진,20190824,24.3,0,1.3
광진,20190825,24.6,0,1.3
광진,20190826,26,0,1
광진,20190827,25.1,4.5,1
광진,20190828,25.9,0.5,1.5
광진,20190829,22.8,55,1.2
광진,20190830,23.1,0,1.7
광진,20190831,23.7,0,1.4
광진,20190901,23.1,0,0.9
광진,20190902,24.1,0,1
광진,20190903,23.4,0,1.6
광진,20190904,22.8,10.5,1.5
광진,20190905,22.5,46.5,0.8
광진,20190906,25.3,0.5,1.3
광진,20190907,26.2,2,3.9
광진,20190908,24.9,0.5,1
광진,20190909,24.6,0,0.9
광진,20190910,23.6,56,1.4
광진,20190911,23.9,10,2.4
광진,20190912,21.2,1,1.4
광진,20190913,22.7,0,1.2
광진,20190914,22,1,0.8
광진,20190915,23.8,0,1.3
광진,20190916,24.2,0,1.7
광진,20190917,23.1,0,1.6
광진,20190918,21.8,0,1.6
광진,20190919,19.7,0,1.3
광진,20190920,19.7,0,1.5
광진,20190921,19.5,0,1.4
광진,20190922,18.1,2.5,2.3
광진,20190923,19.9,0,1.6
광진,20190924,19.7,0,1.3
광진,20190925,20.2,0,1
광진,20190926,22.1,0,1.1
광진,20190927,22.2,0,1.2
광진,20190928,23.3,0,1.1
광진,20190929,22.4,0,1.1
광진,20190930,21.9,0,1
광진,20191001,22.5,0,1.1
광진,20191002,21.7,21,1.7
광진,20191003,22.1,14.5,1.4
광진,20191004,22,0,1.2
광진,20191005,19,0,2.1
광진,20191006,18,0,1.8
광진,20191007,14.9,25.5,0.9
광진,20191008,15.6,0,1.6
광진,20191009,13.9,0,1
광진,20191010,14.8,0,0.9
광진,20191011,18.4,0,1.5
광진,20191012,17.6,0,2.6
광진,20191013,16.8,0,1.1
광진,20191014,15.1,0,1.4
광진,20191015,15.1,0,1.1
광진,20191016,14.8,0,1.1
광진,20191017,15.1,0,1.1
광진,20191018,17,0,1.6
광진,20191019,16.9,0,1.1
광진,20191020,15.6,0,0.8
광진,20191021,16.3,0,0.7
광진,20191022,17.3,0,0.8
광진,20191023,17.2,0,1.4
광진,20191024,18.6,0,1.8
광진,20191025,17,4,1.5
광진,20191026,10.8,0,1.7
광진,20191027,11,0,1
광진,20191028,12.8,2.5,1.4
광진,20191029,13.1,0.5,1.3
광진,20191030,11.2,0,1.1
광진,20191031,14.5,0,1.4
광진,20191101,14.9,0,0.9
광진,20191102,13.9,0,0.8
광진,20191103,14.3,0,1.5
광진,20191104,13.4,0,1.3
광진,20191105,12.1,0,0.9
광진,20191106,11.4,0,0.9
광진,20191107,10.2,0,1.5
광진,20191108,7.4,0,1.1
광진,20191109,9.3,0,1
광진,20191110,9.8,11,1.1
광진,20191111,11.6,0.5,1.4
광진,20191112,9.3,0,0.7
광진,20191113,7.9,8.5,1.6
광진,20191114,2.2,0,2
광진,20191115,5.7,23,1.3
광진,20191116,6.7,0,1
광진,20191117,8.2,34.5,1.3
광진,20191118,5.5,16.5,2.6
광진,20191119,1.4,0,2
광진,20191120,1.6,0,1.3
광진,20191121,4.3,0,1
광진,20191122,8.9,0,0.9
광진,20191123,10.9,0,0.7
광진,20191124,10,2.5,1.2
광진,20191125,3.3,0,1.6
광진,20191126,7.3,0,1.1
광진,20191127,4.7,0,1.6
광진,20191128,4.9,0,1.2
광진,20191129,3.1,0,1.3
광진,20191130,4.8,0,1
광진,20191201,5.2,3,0.9
광진,20191202,1.3,0,2.4
광진,20191203,1.1,0.5,1.1
광진,20191204,3.2,0,1.3
광진,20191205,-2.9,0,2.3
광진,20191206,-4.7,0,1.3
광진,20191207,-1.8,0,0.9
광진,20191208,-0.7,0,0.8
광진,20191209,3.6,0,1
광진,20191210,7.9,2.5,0.7
광진,20191211,6.5,0,2.3
광진,20191212,0.6,0,1.8
광진,20191213,2.5,0,1.1
광진,20191214,3.6,0.5,1.6
광진,20191215,4.8,0,0.7
광진,20191216,7.6,0,0.8
광진,20191217,7.7,10,1.3
광진,20191218,2.1,0,1.7
광진,20191219,0.7,0,1.7
광진,20191220,0.2,0,1.6
광진,20191221,-0.4,0.5,0.9
광진,20191222,4,0.5,0.8
광진,20191223,3.8,2.5,1.1
광진,20191224,1.2,0,1
광진,20191225,2.2,0,0.8
광진,20191226,2.8,1,1.5
광진,20191227,-0.4,0,1.7
광진,20191228,1.3,0,0.9
광진,20191229,3.8,1.5,0.8
광진,20191230,3.5,0,1.7
광진,20191231,-6.6,0,2.3
광진,20200101,-2,0,0.9
광진,20200102,1.8,0,1
광진,20200103,1.1,0,1.1
광진,20200104,1.8,0,1.1
광진,20200105,1.1,0,0.6
광진,20200106,2.8,1.5,1.9
광진,20200107,6.2,55,2.7
광진,20200108,3.5,6,2.6
광진,20200109,0.3,0,1.7
광진,20200110,0.5,0,1.1
광진,20200111,0.7,0,1.3
광진,20200112,0.1,0,1.8
광진,20200113,-1.4,0,1.8
광진,20200114,-1.4,0,1.2
광진,20200115,-1.5,0,1.3
광진,20200116,-0.7,0,1.2
광진,20200117,0.2,0,1
광진,20200118,1.1,0,1.1
광진,20200119,2.5,0.5,1.4
광진,20200120,1.9,0,2.1
광진,20200121,0.4,0,0.9
광진,20200122,3.1,0,0.9
광진,20200123,4.8,0,1.1
광진,20200124,3.7,0,0.9
광진,20200125,4.5,0,0.7
광진,20200126,5.4,0,1.6
광진,20200127,6.5,0,2.9
광진,20200128,7.8,0,1.8
광진,20200129,6.3,0,1.4
광진,20200130,5.7,0,1.4
광진,20200131,4.8,0,1.6
광진,20200201,3.5,0,1.2
광진,20200202,2.8,0,1.3
광진,20200203,0.8,0,2.3
광진,20200204,-0.4,0,1.9
광진,20200205,-6.7,0,2.4
광진,20200206,-5.1,0,1.3
광진,20200207,-0.5,0,1.3
광진,20200208,1,0,2.2
광진,20200209,0.5,0,1.3
광진,20200210,4.4,0,1
광진,20200211,6.9,0,0.9
광진,20200212,7,0.5,1
광진,20200213,7.5,0,1.2
광진,20200214,8,0,0.7
광진,20200215,10.1,0,1.3
광진,20200216,-0.3,1.5,2.6
광진,20200217,-5,0,2.4
광진,20200218,-2.5,0,1.8
광진,20200219,1.4,0,1
광진,20200220,5,0,1
광진,20200221,7.1,0,1.1
광진,20200222,5.1,1,3
광진,20200223,3.6,0,1.6
광진,20200224,7,0,0.7
광진,20200225,6.6,,2.5
광진,20200226,7.2,0,1.4
광진,20200227,6.9,0,1.3
광진,20200228,4.7,0,0.9
광진,20200229,8,0,1.1
광진,20200301,6.4,0,1.3
광진,20200302,4.5,0,2.1
광진,20200303,5.7,0,1.5
광진,20200304,3.3,0,2.7
광진,20200305,2.5,0,2
광진,20200306,4.4,0,1
광진,20200307,7.6,0,1.1
광진,20200308,9.4,0,0.9
광진,20200309,11.2,0,0.9
광진,20200310,7.6,5.5,1.5
광진,20200311,4.5,0,2.2
광진,20200312,7.7,0,1.5
광진,20200313,6.1,0,2.4
광진,20200314,4.9,0,2.3
광진,20200315,5.4,0,2.6
광진,20200316,4.3,0,2.1
광진,20200317,7,0,1.5
광진,20200318,10.6,0,1.2
광진,20200319,10,0,3.5
광진,20200320,9.7,0,2.1
광진,20200321,12.9,0,1.3
광진,20200322,12.1,0,2.2
광진,20200323,11.3,0,1.8
광진,20200324,11.6,0,1.3
광진,20200325,12.9,0,1.2
광진,20200326,14.6,0.5,0.9
광진,20200327,12.9,3,2.1
광진,20200328,8.8,0,2.2
광진,20200329,9.4,0,1.5
광진,20200330,10.8,0,1.3
광진,20200331,12.6,0,1.3
광진,20200401,12.2,0,2.2
광진,20200402,10.1,0,1.7
광진,20200403,10.5,0,1.9
광진,20200404,10.1,0,2.4
광진,20200405,8.4,0,2
광진,20200406,9.9,0,1.9
광진,20200407,11.4,0,1.9
광진,20200408,10.7,0,2.3
광진,20200409,10,0,2.2
광진,20200410,11,0,1.4
광진,20200411,10.3,0,1.7
광진,20200412,10.1,0,2.5
광진,20200413,12.4,0,2
광진,20200414,13.5,0,1.7
광진,20200415,14,0,1.4
광진,20200416,16.8,0,1.3
광진,20200417,12.6,3.5,1.3
광진,20200418,14.6,0,1.7
광진,20200419,12.5,7,1.3
광진,20200420,10.8,0,2.1
광진,20200421,8.5,0,3.1
광진,20200422,7.1,0,2.8
광진,20200423,9,0,2.7
광진,20200424,10.8,0,2.4
광진,20200425,14,0,2.4
광진,20200426,13.5,0,2.1
광진,20200427,13.6,0,1.7
광진,20200428,14.5,0,1.8
광진,20200429,15.7,0,1.7
광진,20200430,17.7,0,1.6
광진,20200501,20.8,0,1.6
광진,20200502,20.9,0,1.4
광진,20200503,22,0,1.2
광진,20200504,21.1,0,1.9
광진,20200505,16.7,0,1.1
광진,20200506,19.5,0,
광진,20200507,21,0,
광진,20200508,20.5,1,
광진,20200509,14.7,19.5,1.8
광진,20200510,15,0,1.4
광진,20200511,17.1,2.5,1.9
광진,20200512,15.2,0.5,2
광진,20200513,16.7,0,2
광진,20200514,19.4,0,1.1
광진,20200515,15.8,5.5,1.6
광진,20200516,17,0,0.8
광진,20200517,20.1,0,1.1
광진,20200518,19.5,23.5,1.5
용산,20190101,-3.8,0,1.3
용산,20190102,-3.3,0,1.1
용산,20190103,-2.2,0,1
용산,20190104,-0.4,0,1.4
용산,20190105,-1.7,0,1.3
용산,20190106,-1.6,0,1
용산,20190107,-0.6,0,1
용산,20190108,-2.4,0,1.8
용산,20190109,-3.7,0,1.2
용산,20190110,-0.1,0,1.4
용산,20190111,3,0,1.1
용산,20190112,3.6,0,0.8
용산,20190113,2.3,0,1
용산,20190114,2.4,0,0.8
용산,20190115,-1,0,1.7
용산,20190116,-4.6,0,1.8
용산,20190117,0.9,0,1.1
용산,20190118,1.7,0,0.9
용산,20190119,4.3,0,1.2
용산,20190120,-0.6,0,1.9
용산,20190121,0.2,0,1.7
용산,20190122,2.8,0,1.9
용산,20190123,2.8,0,1.3
용산,20190124,1.4,0,1.1
용산,20190125,-0.2,0,1.5
용산,20190126,-2,0,1.7
용산,20190127,0.8,0,2
용산,20190128,2,0,2.1
용산,20190129,0.9,0,1.2
용산,20190130,2.7,0,1.1
용산,20190131,-1.5,0,1.8
용산,20190201,-0.7,0,1.9
용산,20190202,2.5,0,1.5
용산,20190203,3.7,21,1.8
용산,20190204,0.5,0,1.7
용산,20190205,3.7,0,1.4
용산,20190206,5.5,0,1.6
용산,20190207,-1.5,0,2.3
용산,20190208,-5.6,0,1.7
용산,20190209,-4.7,0,1.9
용산,20190210,-4.2,0,1.3
용산,20190211,-1.9,0,1.6
용산,20190212,0.2,0,1.4
용산,20190213,-1.1,0,1.5
용산,20190214,0,0,1.3
용산,20190215,-0.3,1,1.6
용산,20190216,-1.9,0,1.9
용산,20190217,-0.6,0,1.3
용산,20190218,1.7,0,1.1
용산,20190219,2,4,1.4
용산,20190220,2.8,0,1.3
용산,20190221,3.3,0,1
용산,20190222,4.7,0,1
용산,20190223,7.4,0,1.1
용산,20190224,7.1,0,1.5
용산,20190225,5.3,0,1.5
용산,20190226,5.9,0,1.1
용산,20190227,8.6,0,1.6
용산,20190228,7.7,0,1.1
용산,20190301,7.6,0,1.2
용산,20190302,8.5,0,1
용산,20190303,9.9,0,1
용산,20190304,10.2,0,1.4
용산,20190305,8.9,0,2.1
용산,20190306,9.1,0,1.2
용산,20190307,8.1,0,1.6
용산,20190308,7.1,0,1.6
용산,20190309,8.2,0,1
용산,20190310,10.8,0,1.8
용산,20190311,7.4,0,1.5
용산,20190312,4.7,0,2.5
용산,20190313,4.5,0,2.5
용산,20190314,5.9,0,2
용산,20190315,5.8,8.5,1.6
용산,20190316,5.3,0,1.7
용산,20190317,7.2,0,1.6
용산,20190318,8,0,1.3
용산,20190319,10.6,0,1.3
용산,20190320,10.7,19,1.8
용산,20190321,7.9,4.5,2.5
용산,20190322,4.2,0,2
용산,20190323,4.4,2,2.1
용산,20190324,5.2,0,2.4
용산,20190325,8.1,0,2.2
용산,20190326,11.5,0,1.8
용산,20190327,12.3,0,3.5
용산,20190328,10,0,1.8
용산,20190329,9.6,0,2
용산,20190330,5.8,3,3
용산,20190331,5.1,0,2.1
용산,20190401,6.3,0,2
용산,20190402,7.6,0,1.7
용산,20190403,8.6,0,2.2
용산,20190404,9.8,0,3.1
용산,20190405,11.9,0,2.7
용산,20190406,10.3,0,1.4
용산,20190407,12.7,0,1.5
용산,20190408,12.3,0,1.9
용산,20190409,9.8,16,3.8
용산,20190410,7.6,4.5,2.4
용산,20190411,10.4,0,1.7
용산,20190412,12.2,0,1.9
용산,20190413,12.9,0,1.8
용산,20190414,10.4,1.5,1.9
용산,20190415,12.6,0,2
용산,20190416,15.7,0,1.3
용산,20190417,16.5,0,1.6
용산,20190418,13.4,0,1.9
용산,20190419,14.3,0,2.3
용산,20190420,14.8,0.5,1.6
용산,20190421,15.1,0.5,1.3
용산,20190422,19.8,0,1.3
용산,20190423,20.9,0,1.2
용산,20190424,19.5,5.5,1.6
용산,20190425,13.7,7.5,3.1
용산,20190426,9.2,3,2.9
용산,20190427,12.8,0,1.5
용산,20190428,13.8,0,1.6
용산,20190429,13.7,0,1.3
용산,20190430,16.3,0,1.4
용산,20190501,16.9,0,2
용산,20190502,18.2,0,2
용산,20190503,18.6,0,1.8
용산,20190504,20.1,0,1.3
용산,20190505,20.1,0,1.5
용산,20190506,14.9,0,2.7
용산,20190507,15.6,0,2.4
용산,20190508,16.2,0,2.7
용산,20190509,17.2,0,2.4
용산,20190510,18.7,0,1.4
용산,20190511,21,0,1.4
용산,20190512,22.4,0,1.3
용산,20190513,19.4,0,1.2
용산,20190514,20.6,0,1.3
용산,20190515,21.6,0,1.4
용산,20190516,24.2,0,1.3
용산,20190517,24.2,0,1.2
용산,20190518,23.1,0,1.9
용산,20190519,19.4,20,1.5
용산,20190520,16.9,4.5,3.1
용산,20190521,17.7,0,3.6
용산,20190522,20.3,0,2.8
용산,20190523,22.9,0,1.5
용산,20190524,25.2,0,1.5
용산,20190525,24.5,0,1.7
용산,20190526,25.1,0,1.9
용산,20190527,18.2,5.5,2.7
용산,20190528,19.2,0,2.4
용산,20190529,21.1,0,2.1
용산,20190530,20.5,0,2.8
용산,20190531,19.5,0,3
용산,20190601,19.4,0,2.1
용산,20190602,22,0,1.3
용산,20190603,24,0,1.4
용산,20190604,23.4,0,2.3
용산,20190605,23.3,0,1.7
용산,20190606,21.9,6.5,1.8
용산,20190607,20.2,42.5,3.7
용산,20190608,22.6,0,1.4
용산,20190609,22,2,1.8
용산,20190610,18.8,13.5,3
용산,20190611,21.2,0,1.9
용산,20190612,22.3,0,1.5
용산,20190613,24,0,1.3
용산,20190614,23.9,0,1.4
용산,20190615,22.7,0.5,2
용산,20190616,23.2,0,2
용산,20190617,22.2,0,2.8
용산,20190618,21.2,9,2
용산,20190619,22.2,0,1.5
용산,20190620,23.3,0,1.6
용산,20190621,22.6,0,1.7
용산,20190622,24.8,0,2.6
용산,20190623,25.5,0,2.3
용산,20190624,25.8,0,1.9
용산,20190625,26.5,0,1.5
용산,20190626,25.9,0,1.2
용산,20190627,25.9,1,2
용산,20190628,25.3,0,1.9
용산,20190629,23.8,1.5,1.5
용산,20190630,24.2,0,2.7
용산,20190701,24.2,0,2.9
용산,20190702,24.9,0,2.5
용산,20190703,24.8,0,1.6
용산,20190704,26,0,1.8
용산,20190705,28.5,0,1.3
용산,20190706,30,0,2.2
용산,20190707,26.6,0,4.5
용산,20190708,24.9,0,3.7
용산,20190709,25.3,0,3.5
용산,20190710,22.7,0,4.1
용산,20190711,22.2,2.5,2.1
용산,20190712,24.3,0,2.3
용산,20190713,25.5,0,1.9
용산,20190714,26.5,0,1.6
용산,20190715,24.5,6,1.5
용산,20190716,25.4,0,1.4
용산,20190717,26.8,0,1
용산,20190718,28.2,0,1.8
용산,20190719,29,0,1.6
용산,20190720,28.7,0.5,3.6
용산,20190721,25.7,5.5,2.8
용산,20190722,27.7,0,2.8
용산,20190723,28.5,0,2
용산,20190724,27.1,0,1.8
용산,20190725,27,4,1.3
용산,20190726,25.9,80.5,2.3
용산,20190727,29.1,3.5,1.2
용산,20190728,26.9,15,2.3
용산,20190729,28.5,1,2.9
용산,20190730,29.1,0,3.8
용산,20190731,26.6,71,2.6
용산,20190801,27.1,49,1.3
용산,20190802,30,0,1.2
용산,20190803,30.4,3,1.2
용산,20190804,29.4,0,1.5
용산,20190805,31.9,0,1.5
용산,20190806,32.5,0,2.6
용산,20190807,27.9,9,1.3
용산,20190808,29.9,0,1.4
용산,20190809,30.8,0,1.4
용산,20190810,32.1,0,1.8
용산,20190811,31,7.5,2.7
용산,20190812,26.9,39.5,1.4
용산,20190813,30.2,7.5,1.3
용산,20190814,30.9,0,2.2
용산,20190815,26.1,29,2.3
용산,20190816,26.6,0,2.7
용산,20190817,26.7,0,3.1
용산,20190818,26.3,0,1.4
용산,20190819,27.4,0,1.4
용산,20190820,28.6,0,1.8
용산,20190821,27.7,1,1.2
용산,20190822,27.3,0,1.7
용산,20190823,27,0,2.1
용산,20190824,25,0,1.8
용산,20190825,25.7,0,1.5
용산,20190826,27.3,0,1.5
용산,20190827,26.1,15.5,1.2
용산,20190828,26.7,0,2.1
용산,20190829,23.9,61.5,1.7
용산,20190830,23.6,0,2
용산,20190831,24.2,0,1.5
용산,20190901,24.4,0,1.1
용산,20190902,25.7,0,1.1
용산,20190903,24.5,1,2.1
용산,20190904,23.3,18,2.2
용산,20190905,23.6,44,1.6
용산,20190906,26,2,1.7
용산,20190907,26.7,1.5,5.6
용산,20190908,25.4,0.5,1.9
용산,20190909,25.8,0,1.1
용산,20190910,24.2,62,1.9
용산,20190911,24.8,7,3.1
용산,20190912,21.5,6,2.4
용산,20190913,23.9,0,1.2
용산,20190914,23,1,0.8
용산,20190915,25.3,0,1.4
용산,20190916,25.4,0,1.9
용산,20190917,24.6,0,1.7
용산,20190918,22,0,1.6
용산,20190919,20.5,0,1.6
용산,20190920,20.4,0,2.1
용산,20190921,20,0,2
용산,20190922,18.5,0.4,3.8
용산,20190923,21,0,2.2
용산,20190924,20.5,0,1.8
용산,20190925,21.8,0,0.9
용산,20190926,23.6,0,1.1
용산,20190927,23.7,0,1.3
용산,20190928,24.6,0,1.1
용산,20190929,23.5,0,0.9
용산,20190930,23.1,0,1.1
용산,20191001,23.7,0,1.3
용산,20191002,22.5,18,2.6
용산,20191003,23.4,5.5,1.8
용산,20191004,23,0,2.3
용산,20191005,19.3,0,2.7
용산,20191006,18.5,0,2.6
용산,20191007,15.5,24.5,1.1
용산,20191008,16.1,0,1.2
용산,20191009,15.2,0,0.9
용산,20191010,16.2,0,1.1
용산,20191011,19.6,0,2.1
용산,20191012,18.4,0,4.1
용산,20191013,17.9,0,1.9
용산,20191014,15.4,0,1.3
용산,20191015,15.5,0,1.3
용산,20191016,15.8,0,1.2
용산,20191017,16.3,0,1.2
용산,20191018,17.9,0,2.2
용산,20191019,17.9,0,1.2
용산,20191020,17.6,0,1
용산,20191021,18.2,0,0.9
용산,20191022,18.8,0,1.1
용산,20191023,17.9,0,1.9
용산,20191024,18.9,0,2.8
용산,20191025,17.4,1,1.5
용산,20191026,10.9,0,1.6
용산,20191027,12.1,0,1
용산,20191028,13.7,4,2.3
용산,20191029,13.8,0.5,1.3
용산,20191030,12.5,0,1.4
용산,20191031,15.4,0,2.4
용산,20191101,16.1,0,0.7
용산,20191102,14.9,0,1
용산,20191103,15.5,0,1.8
용산,20191104,14.7,0,1.6
용산,20191105,13.2,0,1.1
용산,20191106,12.3,0,1.2
용산,20191107,10.4,0,1.3
용산,20191108,8.5,0,1
용산,20191109,10.7,0,1
용산,20191110,10.8,13.5,1.6
용산,20191111,12.2,0.5,1.3
용산,20191112,10.7,0,0.8
용산,20191113,8.5,9,2.1
용산,20191114,2.3,0,1.8
용산,20191115,6.7,24,1.7
용산,20191116,7.4,0,1.2
용산,20191117,8.8,33,2.2
용산,20191118,5.5,13.5,2.2
용산,20191119,1.5,0,1.9
용산,20191120,1.8,0,1.2
용산,20191121,5.2,0,1.4
용산,20191122,10.2,0,1.4
용산,20191123,12.7,0,1.5
용산,20191124,10.5,3,1.2
용산,20191125,2.8,0,1.4
용산,20191126,7.3,0,1.1
용산,20191127,3.9,0,1.4
용산,20191128,4.3,0,1
용산,20191129,2.4,0,1.3
용산,20191130,4.6,0,1.3
용산,20191201,5.2,3.5,1.2
용산,20191202,0.9,0,1.9
용산,20191203,1,0,1.4
용산,20191204,2.9,0.5,1.2
용산,20191205,-3.6,0,2.2
용산,20191206,-4.9,0,1.4
용산,20191207,-1.6,0,1.6
용산,20191208,-0.5,0,1
용산,20191209,3.7,0,2.2
용산,20191210,8.6,2,0.9
용산,20191211,7,0.5,2.7
용산,20191212,0,0,1.5
용산,20191213,2.7,0,1.8
용산,20191214,3.3,0.5,1.7
용산,20191215,4.9,0,1.2
용산,20191216,7.9,0,1.3
용산,20191217,8.1,8.5,1.4
용산,20191218,1.5,0,1.4
용산,20191219,0,0,1.4
용산,20191220,-0.3,0,1.5
용산,20191221,-0.5,0,1.4
용산,20191222,4.1,0.5,1.2
용산,20191223,4,2.5,1.3
용산,20191224,1.6,0,0.9
용산,20191225,2.4,0,1.1
용산,20191226,2.5,0.5,1.4
용산,20191227,-0.8,0,1.4
용산,20191228,1.6,0,1.6
용산,20191229,4,1.5,2.1
용산,20191230,3.1,0,1.7
용산,20191231,-7.2,0,2.2
용산,20200101,-2.1,0,1.3
용산,20200102,1.7,0,1.2
용산,20200103,0.8,0,1
용산,20200104,1.8,0,1.2
용산,20200105,1.3,0,0.7
용산,20200106,3,1,2.5
용산,20200107,6.3,52.5,2.8
용산,20200108,3,4.5,2.7
용산,20200109,-0.3,0,1.5
용산,20200110,0.3,0,1
용산,20200111,0.2,0,0.9
용산,20200112,-0.5,0,1.5
용산,20200113,-1.8,0,1.3
용산,20200114,-1.4,0,1.1
용산,20200115,-1.7,0,1.3
용산,20200116,-0.9,0,1.2
용산,20200117,0,0,0.9
용산,20200118,0.8,0,1.1
용산,20200119,2.5,0.5,1.3
용산,20200120,1.4,0,1.8
용산,20200121,-0.1,0,1
용산,20200122,3.1,0,1.2
용산,20200123,4.6,0,0.8
용산,20200124,3.2,0,0.4
용산,20200125,4.3,0,0.1
용산,20200126,5.4,0,2.1
용산,20200127,6.2,0,5.2
용산,20200128,7.4,0,2.7
용산,20200129,6,0,1.3
용산,20200130,5.6,0,1.2
용산,20200131,4.5,0,2
용산,20200201,3.4,0,1.2
용산,20200202,2.1,0,1.2
용산,20200203,0.4,0,1.8
용산,20200204,-0.8,0.5,1.7
용산,20200205,-7.8,0,
용산,20200206,-5.6,0,1.5
용산,20200207,-1,0,1.3
용산,20200208,0.6,0,1.9
용산,20200209,0.3,0,1.5
용산,20200210,4.2,0,1.1
용산,20200211,7,0,1.2
용산,20200212,7.3,9.5,1.3
용산,20200213,7,0,1.4
용산,20200214,8.3,0,0.8
용산,20200215,9.6,2,1.3
용산,20200216,-0.9,12.5,2.4
용산,20200217,-5.3,0,2.1
용산,20200218,-3.1,0,1.6
용산,20200219,1.3,0,1.2
용산,20200220,4.9,0,1
용산,20200221,7.2,4.5,2.1
용산,20200222,4.9,2,3
용산,20200223,3.1,0,1.8
용산,20200224,7,0,1.1
용산,20200225,7,17.5,4
용산,20200226,7.1,0,1.6
용산,20200227,6.7,0,1.8
용산,20200228,4.8,4,1.1
용산,20200229,7.9,0.5,1.3
용산,20200301,6.3,0,1.5
용산,20200302,4.2,0,1.8
용산,20200303,5.4,0,2.1
용산,20200304,2.7,0,2.6
용산,20200305,1.8,0,1.9
용산,20200306,3.9,0,1
용산,20200307,7.3,0,1.3
용산,20200308,9.2,0,0.9
용산,20200309,11,0,1.1
용산,20200310,7.2,11.5,1.4
용산,20200311,4.4,0,2.5
용산,20200312,7.3,0,2.6
용산,20200313,5.3,0,2.3
용산,20200314,4.3,0,2.6
용산,20200315,4.9,0,2.3
용산,20200316,3.8,0,2.6
용산,20200317,7.4,0,2
용산,20200318,10.7,0,1.8
용산,20200319,9.5,0,4.5
용산,20200320,9.5,0,3.5
용산,20200321,13.2,0,1.6
용산,20200322,11.6,0,2
용산,20200323,11.2,0,2
용산,20200324,11.8,0,1.4
용산,20200325,12.7,0,1.2
용산,20200326,14.5,2,1.7
용산,20200327,12.5,4.5,1.7
용산,20200328,8.2,0,2.4
용산,20200329,9.2,0,1.4
용산,20200330,10.6,0,1.3
용산,20200331,12.1,0,1.2
용산,20200401,11.7,0,2.5
용산,20200402,9.9,0,2.1
용산,20200403,10.4,0,2.5
용산,20200404,,0,2.5
용산,20200405,,0,2.4
용산,20200406,,0,2.2
용산,20200407,11.3,0,2.5
용산,20200408,10.3,0,2.1
용산,20200409,9.6,0,2.3
용산,20200410,10.9,0,1.6
용산,20200411,10.2,0,2.6
용산,20200412,10.4,0,4
용산,20200413,12.8,0,3.3
용산,20200414,13.5,0,2
용산,20200415,13.9,0,1.3
용산,20200416,16.4,0,1.7
용산,20200417,12.9,7,1.4
용산,20200418,14.3,0,1.9
용산,20200419,12.6,11.5,1.9
용산,20200420,10.8,0,3.3
용산,20200421,8.3,0,3.2
용산,20200422,6.8,0,2.7
용산,20200423,8.9,0,2.7
용산,20200424,10.9,0,4
용산,20200425,14.2,0,4.4
용산,20200426,13.3,0,1.9
용산,20200427,13.7,0,2.2
용산,20200428,,0,2.6
용산,20200429,15.6,0,2
용산,20200430,17.7,0,2.5
용산,20200501,21,0,2.2
용산,20200502,21.1,0,1.7
용산,20200503,22.6,0,1.4
용산,20200504,20.6,0,2.6
용산,20200505,,0,1.5
용산,20200506,,0,1.4
용산,20200507,21.4,0,1.6
용산,20200508,20.3,2.5,1.5
용산,20200509,14.6,28,3.1
용산,20200510,,0.5,2.7
용산,20200511,,3.5,2.8
용산,20200512,15.1,1,2.7
용산,20200513,17.1,0,2.5
용산,20200514,20.2,0,1.5
용산,20200515,16.6,10,2.6
용산,20200516,17.1,1.5,1.3
용산,20200517,19.7,0,1.2
용산,20200518,19.6,29,1.6
중구,20190101,-6.1,0,2.4
중구,20190102,-5.8,0,2.4
중구,20190103,-4,0,1.2
중구,20190104,-1.7,0,1.3
중구,20190105,-4.2,0,2.8
중구,20190106,-3.5,0,1.2
중구,20190107,-2.5,0,1.5
중구,20190108,-5,0,3.9
중구,20190109,-6,0,1.5
중구,20190110,-2.1,0,0.9
중구,20190111,1.2,0,1.4
중구,20190112,1.9,0,1.4
중구,20190113,0.8,0,2.2
중구,20190114,0.7,0,1.3
중구,20190115,-3.6,0,3.7
중구,20190116,-6.9,0,1.8
중구,20190117,-1.3,0,2.5
중구,20190118,0,0,1.3
중구,20190119,2.4,0,1.5
중구,20190120,-3.3,0,4.2
중구,20190121,-1.9,0,1.8
중구,20190122,1.5,0,1.5
중구,20190123,0.9,0,3.2
중구,20190124,-0.9,0,1.8
중구,20190125,-2.8,0,3.4
중구,20190126,-4.2,0,2.9
중구,20190127,-1.4,0,1.4
중구,20190128,-0.7,0,3.9
중구,20190129,-1.4,0,1.6
중구,20190130,0.9,0,1.6
중구,20190131,-3.9,0,3.1
중구,20190201,-3.1,0,1.7
중구,20190202,0.3,0,2.1
중구,20190203,1.5,10.5,3.9
중구,20190204,-1.9,0,2.2
중구,20190205,2.2,0,1.4
중구,20190206,4.4,0,1.4
중구,20190207,-4,0,3.7
중구,20190208,-7.7,0,1.8
중구,20190209,-7.3,0,3.2
중구,20190210,-6.3,0,1.8
중구,20190211,-4.4,0,2.4
중구,20190212,-1.9,0,1.9
중구,20190213,-3.7,0,2.2
중구,20190214,-1.9,0,1.7
중구,20190215,-2.5,1,1.7
중구,20190216,-4.2,0,3
중구,20190217,-2.6,0,2.3
중구,20190218,-0.3,0,1.2
중구,20190219,-0.5,1.5,2.1
중구,20190220,0.2,0,2.4
중구,20190221,1.2,0,1.5
중구,20190222,3.2,0,2
중구,20190223,6,0,2.3
중구,20190224,6.2,0,1.5
중구,20190225,3.3,0,1.9
중구,20190226,4.4,0,1.4
중구,20190227,6.8,0,1.7
중구,20190228,5.9,0,1.8
중구,20190301,6,0,2.1
중구,20190302,6.8,0,1.7
중구,20190303,8.8,0,1.9
중구,20190304,8.5,0,1.6
중구,20190305,6.8,0,1.1
중구,20190306,7,0,1.9
중구,20190307,5.9,0,2.6
중구,20190308,5.5,0,1.5
중구,20190309,6.5,0,1.6
중구,20190310,8.9,0,3.4
중구,20190311,5.6,0,1.6
중구,20190312,2.2,0,2.8
중구,20190313,1.9,0,4
중구,20190314,3.9,0,1.2
중구,20190315,3.7,2,1.4
중구,20190316,3.2,0,1.4
중구,20190317,4.7,0,2
중구,20190318,6.4,0,1.2
중구,20190319,9.4,0,1.3
중구,20190320,8.7,13,2.9
중구,20190321,5.5,3.5,3.3
중구,20190322,1.4,0,3.4
중구,20190323,2.2,1.5,2.9
중구,20190324,3.2,0,2.1
중구,20190325,5.8,0,1.5
중구,20190326,10,0,1.5
중구,20190327,10.1,0,1.9
중구,20190328,8.1,0,2
중구,20190329,7.8,0,2.3
중구,20190330,3.6,2.5,2.8
중구,20190331,2.7,0,3.4
중구,20190401,4.3,0,3
중구,20190402,5.6,0,2.4
중구,20190403,6.4,0,2
중구,20190404,8,0,1.7
중구,20190405,10,0,2.4
중구,20190406,8.4,0,2.2
중구,20190407,11.4,0,2.1
중구,20190408,10.4,0,2.7
중구,20190409,7.4,8.5,3.8
중구,20190410,5.4,1,3
중구,20190411,8.9,0,1.5
중구,20190412,10.4,0,1.9
중구,20190413,11.5,0,1.3
중구,20190414,8.3,2,2.3
중구,20190415,11.5,0,1.5
중구,20190416,14.6,0,1.5
중구,20190417,15.6,0,1.4
중구,20190418,11.7,0,0.9
중구,20190419,11.8,0,2
중구,20190420,13.8,1,1.4
중구,20190421,13.7,0.5,0.9
중구,20190422,18,0,1.9
중구,20190423,19.5,0,1.1
중구,20190424,18.4,4.5,1.2
중구,20190425,11.3,7,3.2
중구,20190426,7,3.5,2.5
중구,20190427,11.8,0,1.7
중구,20190428,12,0,1.3
중구,20190429,11.9,0,1.9
중구,20190430,15.4,0,1.4
중구,20190501,15.8,0,1.6
중구,20190502,16.8,0,1.5
중구,20190503,17.6,0,1
중구,20190504,19.4,0,1.1
중구,20190505,18.7,0,1.3
중구,20190506,12.6,0,3.3
중구,20190507,14.9,0,0.9
중구,20190508,15.5,0,0.6
중구,20190509,15.7,0,0.8
중구,20190510,16.9,0,1.3
중구,20190511,20.1,0,1
중구,20190512,20.7,0,1.4
중구,20190513,17.6,0,0.9
중구,20190514,19.5,0,1
중구,20190515,20.1,0,1.1
중구,20190516,22.7,0,1.3
중구,20190517,22.5,0,1.1
중구,20190518,20.4,0,2.3
중구,20190519,17.2,17,1.8
중구,20190520,14.9,5,1.3
중구,20190521,16.2,0,0.8
중구,20190522,18.7,0,0.8
중구,20190523,21.8,0,0.6
중구,20190524,23.5,0,1.6
중구,20190525,22.8,0,0.5
중구,20190526,24,0,0.7
중구,20190527,16,7,1.6
중구,20190528,17.1,0,1.7
중구,20190529,20,0,1.1
중구,20190530,19,0,0.8
중구,20190531,18,0,0.9
중구,20190601,18.5,0,0.5
중구,20190602,21,0,1.3
중구,20190603,22.5,0,0.9
중구,20190604,22.3,0,0.8
중구,20190605,22.2,0,0.7
중구,20190606,19.8,4,2.4
중구,20190607,18.4,14,4.6
중구,20190608,20.9,0,1.9
중구,20190609,20.5,0,1.7
중구,20190610,16.4,7.5,2.8
중구,20190611,19.2,0,2
중구,20190612,21.1,0,1
중구,20190613,22.6,0,1.2
중구,20190614,21.7,0,1.7
중구,20190615,21.3,0.5,2.5
중구,20190616,21,0,1.6
중구,20190617,21.4,0,0.6
중구,20190618,19.3,11.5,0.7
중구,20190619,20,0.5,1
중구,20190620,21.9,0,1
중구,20190621,20.9,0,1.6
중구,20190622,22.7,0,3
중구,20190623,23.5,0,2.4
중구,20190624,24.8,0,1.1
중구,20190625,25.4,0,1
중구,20190626,24,0,1.7
중구,20190627,24,2.5,1.3
중구,20190628,23.6,0,0.5
중구,20190629,21.5,1.5,1.7
중구,20190630,23.3,0,1
중구,20190701,23,0,0.6
중구,20190702,23.5,0,0.7
중구,20190703,22.5,0,1.1
중구,20190704,25.1,0,1
중구,20190705,27.2,0,1.6
중구,20190706,28,0,2
중구,20190707,24.5,0,3.6
중구,20190708,22.9,0,3.2
중구,20190709,23.1,0,2.8
중구,20190710,20.4,5,3.9
중구,20190711,20.2,1,3.6
중구,20190712,22.9,0,0.6
중구,20190713,23.6,0,0.4
중구,20190714,25.2,0,0.8
중구,20190715,22.3,2,1.5
중구,20190716,23.6,8,1.3
중구,20190717,25.1,0,1
중구,20190718,26.6,0,0.6
중구,20190719,27.4,0,1.7
중구,20190720,26.5,0.5,3.2
중구,20190721,23.7,3.5,1.3
중구,20190722,26.4,0,0.4
중구,20190723,27.2,0,0.3
중구,20190724,25.3,1.5,0.2
중구,20190725,25.5,4,0.4
중구,20190726,24.3,62,0.8
중구,20190727,27.5,1,0.8
중구,20190728,24.8,21.5,0.5
중구,20190729,26.5,3.5,0.5
중구,20190730,27,0,0.5
중구,20190731,24.6,69.5,0.6
중구,20190801,25.5,33,0.9
중구,20190802,28,0,0.9
중구,20190803,29.1,1,1.5
중구,20190804,28.2,41,1.8
중구,20190805,30.4,0,1.9
중구,20190806,30.2,0,2.8
중구,20190807,25.9,7,1.4
중구,20190808,28.5,0,0.8
중구,20190809,28.9,0,0.9
중구,20190810,29.8,0,2.5
중구,20190811,28.3,5.5,3.6
중구,20190812,25.2,47.5,1.9
중구,20190813,28.4,2,1.5
중구,20190814,29.3,0,2.4
중구,20190815,24.2,11,2.9
중구,20190816,25,0,0.7
중구,20190817,24.8,0,0.7
중구,20190818,25.1,0,0.7
중구,20190819,25.7,0,1.8
중구,20190820,26.6,0,2
중구,20190821,25.9,1,1.6
중구,20190822,25.7,0,1.5
중구,20190823,25,0,1.6
중구,20190824,23.5,0,0.8
중구,20190825,23.5,0,1
중구,20190826,25.2,0,1.1
중구,20190827,24.1,8.5,1
중구,20190828,24.9,0,0.7
중구,20190829,23,19.5,0.5
중구,20190830,22,0,1
중구,20190831,22.4,0,1.1
중구,20190901,23,0,1.4
중구,20190902,24,0,1.6
중구,20190903,22.3,0,2.4
중구,20190904,21.1,11,3.2
중구,20190905,21.5,26.5,2.9
중구,20190906,24,1,3
중구,20190907,24.4,2,3.4
중구,20190908,23.8,0,0.7
중구,20190909,23.7,0,1.7
중구,20190910,22.3,41,3.4
중구,20190911,22.7,4.5,3.8
중구,20190912,19.5,3,2.6
중구,20190913,22.2,0,1.7
중구,20190914,21.1,0.5,0.7
중구,20190915,23,0,2.2
중구,20190916,23.6,0,2.8
중구,20190917,22.7,0,2.7
중구,20190918,20,0,2.5
중구,20190919,,0,
중구,20190920,18.5,0,2.8
중구,20190921,18.2,0,2.9
중구,20190922,17,0,4.8
중구,20190923,18.7,0,2.5
중구,20190924,18.9,0,1.3
중구,20190925,20.1,0,1.4
중구,20190926,21.6,0,2.2
중구,20190927,21.8,0,2.4
중구,20190928,22.8,0,1.9
중구,20190929,22,0,1.1
중구,20190930,21.8,0,1.3
중구,20191001,21.8,0,2
중구,20191002,20.4,7.5,3.2
중구,20191003,,0,
중구,20191004,21.5,0,1.4
중구,20191005,18.2,0,1.7
중구,20191006,,0,
중구,20191007,,9,
중구,20191008,,0,
중구,20191009,14,0,1.3
중구,20191010,14.2,0,1.7
중구,20191011,17.9,0,2.7
중구,20191012,16.1,0,4.5
중구,20191013,16,0,2
중구,20191014,13.7,0,1.8
중구,20191015,13.8,0,1.9
중구,20191016,13.8,0,1.9
중구,20191017,14.4,0,2.3
중구,20191018,15.7,0,3.1
중구,20191019,16,0,1.9
중구,20191020,15.4,0,1.2
중구,20191021,16.8,0,2.1
중구,20191022,16.9,0,2.5
중구,20191023,15.9,0,2.8
중구,20191024,17,0,3.5
중구,20191025,15.7,0,2
중구,20191026,8.6,0,1.8
중구,20191027,10.7,0,1.2
중구,20191028,12,2,1.1
중구,20191029,11.5,0.5,1.7
중구,20191030,10.9,0,1
중구,20191031,13.9,0,0.9
중구,20191101,14.6,0,1.1
중구,20191102,13.5,0,1.5
중구,20191103,15.5,0,2.1
중구,20191104,14.5,0,2.1
중구,20191105,12.9,0,0.8
중구,20191106,10.2,0,1
중구,20191107,8.6,0,2.3
중구,20191108,7.4,0,1.4
중구,20191109,9.9,0,0.9
중구,20191110,8.4,11.5,1.7
중구,20191111,10.7,1.5,2
중구,20191112,9.7,0,1.2
중구,20191113,7.4,7,2.8
중구,20191114,1.1,0,2.6
중구,20191115,4.6,15,2.5
중구,20191116,6.1,0,2.8
중구,20191117,7.8,0.5,4.9
중구,20191118,4.7,14,3.7
중구,20191119,-0.1,0,3.2
중구,20191120,1.1,0,1.4
중구,20191121,3.7,0,2.9
중구,20191122,9.6,0,3.6
중구,20191123,11.9,0,2.8
중구,20191124,10.2,2.5,3
중구,20191125,,0,2.4
중구,20191126,,0,3.1
중구,20191127,2.2,0,2.3
중구,20191128,3.2,0,2
중구,20191129,1.6,0,1.8
중구,20191130,3.7,0,2.3
중구,20191201,3.3,2.5,1.5
중구,20191202,-1.1,0,3.5
중구,20191203,0,0,1.1
중구,20191204,1.6,0,1.9
중구,20191205,-5.6,0,3.3
중구,20191206,-6.3,0,1.4
중구,20191207,-3,0,1.7
중구,20191208,-1.3,0,1.6
중구,20191209,2,0,2.8
중구,20191210,7.9,2,0.6
중구,20191211,5.2,0,3.1
중구,20191212,-1.8,0,2.6
중구,20191213,1.3,0.5,1.5
중구,20191214,1.6,0,2.6
중구,20191215,4.7,0,3.1
중구,20191216,7.1,0,3
중구,20191217,6.5,9.5,2.1
중구,20191218,-0.4,0,2.3
중구,20191219,-1.8,0,2.1
중구,20191220,-2.3,0,2.1
중구,20191221,-1.5,0,1.7
중구,20191222,2.9,0,1.9
중구,20191223,2.2,3,1.8
중구,20191224,0.1,0,1.5
중구,20191225,1.6,0,1.7
중구,20191226,0.6,0.5,2.7
중구,20191227,-2.4,0,2.2
중구,20191228,0.3,0,2
중구,20191229,2.3,1,3.7
중구,20191230,1.3,0.5,3.3
중구,20191231,-9.3,0,3.5
중구,20200101,-3.7,0,1.1
중구,20200102,-0.1,0,1.7
중구,20200103,-0.5,0,2
중구,20200104,1.1,0,1.6
중구,20200105,1.2,0,0.9
중구,20200106,1.6,0,4.4
중구,20200107,4.8,16,6.2
중구,20200108,1.2,8,2.5
중구,20200109,-2.1,0,2.1
중구,20200110,-1.2,0,1.6
중구,20200111,-0.8,0,1.5
중구,20200112,-2.1,0,2
중구,20200113,-3.8,0,2.3
중구,20200114,-3,0,1.8
중구,20200115,-3.1,0,1.8
중구,20200116,-2.1,0,1.3
중구,20200117,-1,0,1.6
중구,20200118,-0.3,0,1.5
중구,20200119,1.2,0.5,2.3
중구,20200120,-0.2,0,3
중구,20200121,-1.3,0,1.4
중구,20200122,2,0,2.5
중구,20200123,4,0,2.2
중구,20200124,2.5,0,1.6
중구,20200125,4.2,0,2
중구,20200126,4.6,0,3.7
중구,20200127,4.5,0,4.8
중구,20200128,5.8,0,3.5
중구,20200129,5,0,2.7
중구,20200130,4.6,0,2.7
중구,20200131,2.8,0,1.9
중구,20200201,1.8,0,1.5
중구,20200202,1.1,0,1.3
중구,20200203,-1.9,0,3
중구,20200204,-2.5,0,2.3
중구,20200205,-9.5,0,3.4
중구,20200206,-6.9,0,1.4
중구,20200207,-2.6,0,1.3
중구,20200208,-1.3,0,3.3
중구,20200209,-0.7,0,1.4
중구,20200210,3.7,0,1.6
중구,20200211,6.4,0,2.1
중구,20200212,6,6.5,3.3
중구,20200213,5.8,0,1.4
중구,20200214,8,0,1.2
중구,20200215,8.5,2,3.5
중구,20200216,-2.9,7.5,3.4
중구,20200217,-7.4,0,3.5
중구,20200218,-4.9,0,2.6
중구,20200219,0.3,0,1.4
중구,20200220,4,0,2
중구,20200221,5.9,5,1.9
중구,20200222,2.6,2.5,4.1
중구,20200223,2,0,1.7
중구,20200224,6,0,1.4
중구,20200225,5.1,8,4.6
중구,20200226,5.4,0,2.8
중구,20200227,5.1,0,2.4
중구,20200228,3.3,3,1
중구,20200229,6.5,0.5,1.5
중구,20200301,5.1,0,1.5
중구,20200302,2.5,0,2.4
중구,20200303,4,0,2.1
중구,20200304,0.9,0,3.5
중구,20200305,0.5,0,2.2
중구,20200306,3.3,0,1.3
중구,20200307,6.3,0,2.6
중구,20200308,9.1,0,1.7
중구,20200309,10.4,0,1.5
중구,20200310,5.1,12,3.1
중구,20200311,2.4,0,3.1
중구,20200312,6.4,0,1.6
중구,20200313,3.7,0.5,3
중구,20200314,3.1,0,2.4
중구,20200315,2.7,0,4.4
중구,20200316,3.2,0,1.8
중구,20200317,5.8,0,1.2
중구,20200318,10.2,0,1.2
중구,20200319,7.7,0,3.6
중구,20200320,8.2,0,2
중구,20200321,12,0,1
중구,20200322,10.1,0,3.1
중구,20200323,10.2,0,2
중구,20200324,11.1,0,1.9
중구,20200325,12.7,0,1.9
중구,20200326,13.9,1.5,2
중구,20200327,10.5,3.5,3.4
중구,20200328,6.8,0,3.4
중구,20200329,8.1,0,2.1
중구,20200330,10,0,1.4
중구,20200331,11.7,0,1.8
중구,20200401,10.5,0,3.4
중구,20200402,9.1,0,1.8
중구,20200403,9.1,0,1.9
중구,20200404,7.6,0,3.5
중구,20200405,6.7,0,2.4
중구,20200406,8.8,0,1.7
중구,20200407,10.1,0,1.4
중구,20200408,8.3,0,3.6
중구,20200409,7.8,0,2.3
중구,20200410,9.6,0,1.7
중구,20200411,9.1,0,1.5
중구,20200412,8.6,0,3.8
중구,20200413,10.9,0,4.1
중구,20200414,12.6,0,1.6
중구,20200415,13.5,0,1.4
중구,20200416,15.3,0,2.1
중구,20200417,10.9,6.5,1.6
중구,20200418,12.4,0,1.7
중구,20200419,10.8,10,2.4
중구,20200420,8.8,0.5,2.3
중구,20200421,6.5,0,3.2
중구,20200422,4.7,0,3.3
중구,20200423,6.9,0,2.9
중구,20200424,9.5,0,1.7
중구,20200425,12.8,0,1.7
중구,20200426,11.1,0,2.6
중구,20200427,12.1,0,1.8
중구,20200428,13.8,0,1.4
중구,20200429,15,0,0.9
중구,20200430,16.9,0,0.7
중구,20200501,19.8,0,0.5
중구,20200502,19.5,0,0.9
중구,20200503,20.2,0,1.9
중구,20200504,19.5,0,1.1
중구,20200505,15.3,0,1.2
중구,20200506,19.5,0,1.9
중구,20200507,19.7,0,1.9
중구,20200508,18.7,1.5,1.3
중구,20200509,12.8,13,2.7
중구,20200510,13.4,1,0.3
중구,20200511,15.6,3.5,0.8
중구,20200512,13.5,0.5,1.4
중구,20200513,15.9,0,1
중구,20200514,19.2,0,1.9
중구,20200515,14.5,7.5,2.9
중구,20200516,15.7,2,0.5
중구,20200517,18.4,0,1
중구,20200518,17.8,32,1.6
영등포 ,20190101,-3.6,0,0.7
영등포 ,20190102,-2.9,0,0.8
영등포 ,20190103,-1.9,0,0.3
영등포 ,20190104,0.4,0,0.6
영등포 ,20190105,-1.6,0,1.1
영등포 ,20190106,-1.5,0,0.7
영등포 ,20190107,0,0,0.5
영등포 ,20190108,-2.1,0,1.4
영등포 ,20190109,-3.3,0,0.7
영등포 ,20190110,0.3,0,0.9
영등포 ,20190111,3.7,0,0.6
영등포 ,20190112,3.8,0,0.4
영등포 ,20190113,2.5,0,0.6
영등포 ,20190114,2.8,0,0.4
영등포 ,20190115,-0.7,0,1.5
영등포 ,20190116,-4.2,0,1.3
영등포 ,20190117,1.5,0,0.8
영등포 ,20190118,2.2,0,0.5
영등포 ,20190119,4.8,0,0.4
영등포 ,20190120,-0.3,0,1.9
영등포 ,20190121,0.8,0,0.7
영등포 ,20190122,3.3,0,0.7
영등포 ,20190123,3.5,0,1
영등포 ,20190124,1.6,0,0.4
영등포 ,20190125,0.2,0,1.2
영등포 ,20190126,-1.6,0,1.4
영등포 ,20190127,1.2,0,0.9
영등포 ,20190128,2.1,0,1.6
영등포 ,20190129,1.2,0,0.6
영등포 ,20190130,3.2,0,0.5
영등포 ,20190131,-1.2,0,1.6
영등포 ,20190201,-0.3,0,1
영등포 ,20190202,3.4,0,0.2
영등포 ,20190203,3.9,0,0.8
영등포 ,20190204,0.9,0,0.7
영등포 ,20190205,4.5,0,0.4
영등포 ,20190206,6.2,0,0.5
영등포 ,20190207,-1.3,0,1.7
영등포 ,20190208,-5.4,0,1
영등포 ,20190209,-4.3,0,1.6
영등포 ,20190210,-3.9,0,0.9
영등포 ,20190211,-1.6,0,1.2
영등포 ,20190212,0.4,0,0.9
영등포 ,20190213,-1.1,0,1
영등포 ,20190214,0.2,0,0.9
영등포 ,20190215,0,0,1.1
영등포 ,20190216,-1.6,0,1.4
영등포 ,20190217,-0.2,0,0.8
영등포 ,20190218,2.2,2,0.4
영등포 ,20190219,2.2,0,0.6
영등포 ,20190220,3,0,1
영등포 ,20190221,3.6,,0.7
영등포 ,20190222,5.3,,0.5
영등포 ,20190223,8,0,0.4
영등포 ,20190224,7.5,0,0.7
영등포 ,20190225,5.6,0,1
영등포 ,20190226,6.3,0,0.6
영등포 ,20190227,8.8,0,0.9
영등포 ,20190228,7.9,0,0.8
영등포 ,20190301,7.8,0,0.8
영등포 ,20190302,8.9,0,0.5
영등포 ,20190303,10.3,0,0.5
영등포 ,20190304,10.2,0,0.8
영등포 ,20190305,8.9,0,1
영등포 ,20190306,9.2,0,0.4
영등포 ,20190307,7.9,0,0.8
영등포 ,20190308,7.2,0,0.5
영등포 ,20190309,8.5,0,0.2
영등포 ,20190310,11,0,0.2
영등포 ,20190311,7.4,0,1
영등포 ,20190312,4.9,0,1.4
영등포 ,20190313,4.6,0,1.6
영등포 ,20190314,6.2,0,1.3
영등포 ,20190315,6,2,0.8
영등포 ,20190316,5.5,0,1
영등포 ,20190317,7.2,0,1.1
영등포 ,20190318,8.2,0,0.8
영등포 ,20190319,10.9,0,0.7
영등포 ,20190320,11.3,18.5,0.7
영등포 ,20190321,8,3.5,1.7
영등포 ,20190322,4.4,0,1.6
영등포 ,20190323,4.7,1.5,1.5
영등포 ,20190324,5.6,0,1.4
영등포 ,20190325,8.5,0,1.6
영등포 ,20190326,11.8,0,1.2
영등포 ,20190327,12,0,2.3
영등포 ,20190328,10,0,1.4
영등포 ,20190329,10,0,1.1
영등포 ,20190330,5.9,3.5,1.9
영등포 ,20190331,5.4,0,1.7
영등포 ,20190401,6.7,0,1.4
영등포 ,20190402,8,0,1.1
영등포 ,20190403,8.9,0,1.2
영등포 ,20190404,9.7,0,2
영등포 ,20190405,12,0,1.7
영등포 ,20190406,10.9,0.5,0.6
영등포 ,20190407,13.2,0,0.9
영등포 ,20190408,12.2,0,1.2
영등포 ,20190409,10.3,15,1.4
영등포 ,20190410,7.9,4,1.1
영등포 ,20190411,10.6,0,0.8
영등포 ,20190412,12.1,0,1.1
영등포 ,20190413,12.8,0,1
영등포 ,20190414,10.7,1.5,1.1
영등포 ,20190415,12.9,0,1.2
영등포 ,20190416,16.1,0,0.8
영등포 ,20190417,16.4,0,1.1
영등포 ,20190418,13.6,0,1.2
영등포 ,20190419,14.6,0,0.9
영등포 ,20190420,15.1,0.5,1.1
영등포 ,20190421,15,0.5,0.9
영등포 ,20190422,19.8,0,0.8
영등포 ,20190423,21,0,0.7
영등포 ,20190424,19.5,4.5,0.7
영등포 ,20190425,14,7.5,1.1
영등포 ,20190426,9.6,3.5,0.8
영등포 ,20190427,12.8,0,0.8
영등포 ,20190428,14.1,0,1
영등포 ,20190429,14.5,0,0.4
영등포 ,20190430,16.5,0,0.9
영등포 ,20190501,16.9,0,1.5
영등포 ,20190502,18.1,0,1.2
영등포 ,20190503,18.9,0,1.2
영등포 ,20190504,20.4,0,0.6
영등포 ,20190505,20.1,0,1.1
영등포 ,20190506,15.2,0,1.9
영등포 ,20190507,16.1,0,1.5
영등포 ,20190508,16.3,0,1.9
영등포 ,20190509,17,0,1.7
영등포 ,20190510,18.7,0,1
영등포 ,20190511,20.9,0,1
영등포 ,20190512,22.4,0,0.6
영등포 ,20190513,19.7,0,0.6
영등포 ,20190514,21,0,0.7
영등포 ,20190515,21.6,0,0.9
영등포 ,20190516,24.3,0,0.8
영등포 ,20190517,24.3,0,0.5
영등포 ,20190518,23.1,0,1.5
영등포 ,20190519,19.6,17,0.8
영등포 ,20190520,16.9,7,1.8
영등포 ,20190521,17.9,0,2.1
영등포 ,20190522,20.4,0,1.8
영등포 ,20190523,22.8,0,1.2
영등포 ,20190524,25.3,0,0.9
영등포 ,20190525,24.4,0,1
영등포 ,20190526,25.3,0,1
영등포 ,20190527,18.4,3.5,1.8
영등포 ,20190528,19.4,0,1.2
영등포 ,20190529,21.1,0,1.3
영등포 ,20190530,20.5,0,1.5
영등포 ,20190531,19.8,0,1.6
영등포 ,20190601,19.2,0,1
영등포 ,20190602,22.4,0,0.8
영등포 ,20190603,23.9,0,1.1
영등포 ,20190604,23.4,0,1.3
영등포 ,20190605,23.2,0,0.9
영등포 ,20190606,21.7,5.5,0.6
영등포 ,20190607,20.9,35.5,0.8
영등포 ,20190608,23,0,0.7
영등포 ,20190609,22,1,0.8
영등포 ,20190610,19.4,12.5,0.8
영등포 ,20190611,21.6,0,0.6
영등포 ,20190612,22.8,0,0.9
영등포 ,20190613,24.1,0,1.1
영등포 ,20190614,23.8,0,1
영등포 ,20190615,22.8,2.5,1
영등포 ,20190616,22.9,0,0.7
영등포 ,20190617,22,0,1.3
영등포 ,20190618,21.2,26,1
영등포 ,20190619,22.2,0.5,0.6
영등포 ,20190620,23,0,0.7
영등포 ,20190621,23.1,0,0.8
영등포 ,20190622,25.2,0,0.8
영등포 ,20190623,26,0,1
영등포 ,20190624,26.1,0,0.8
영등포 ,20190625,26.6,0,0.7
영등포 ,20190626,26.5,0,0.8
영등포 ,20190627,26,0.5,0.7
영등포 ,20190628,24.9,1,1
영등포 ,20190629,24.1,1,0.6
영등포 ,20190630,24.2,0,1.4
영등포 ,20190701,24.2,0,1.1
영등포 ,20190702,24.6,0,1.1
영등포 ,20190703,24.8,0,0.4
영등포 ,20190704,26.1,0,0.6
영등포 ,20190705,28.6,0,0.5
영등포 ,20190706,30.2,0,1
영등포 ,20190707,27.2,0,1.3
영등포 ,20190708,25.8,0,1.2
영등포 ,20190709,26,0,1.2
영등포 ,20190710,23.4,6.5,1.2
영등포 ,20190711,22.1,2,0.7
영등포 ,20190712,24.3,0,0.9
영등포 ,20190713,25.3,0,0.7
영등포 ,20190714,26.1,0,0.5
영등포 ,20190715,24.6,33,0.3
영등포 ,20190716,25.4,0,0.4
영등포 ,20190717,26.5,0.5,0.3
영등포 ,20190718,27.7,0,0.5
영등포 ,20190719,29.3,0,1
영등포 ,20190720,28.9,0,1.4
영등포 ,20190721,25.6,6,1.3
영등포 ,20190722,27.5,0,1.3
영등포 ,20190723,28.4,0,1
영등포 ,20190724,27,0.5,0.7
영등포 ,20190725,26.8,3,0.5
영등포 ,20190726,25.7,62.5,0.8
영등포 ,20190727,29.1,9.5,0.4
영등포 ,20190728,26.7,26,1.3
영등포 ,20190729,28.4,4,1.6
영등포 ,20190730,28.9,0,2.5
영등포 ,20190731,26.5,45,1.4
영등포 ,20190801,27.3,34.5,0.5
영등포 ,20190802,29.6,0,0.3
영등포 ,20190803,30.2,9.5,0.5
영등포 ,20190804,29.8,1.5,0.3
영등포 ,20190805,32.3,0,0.6
영등포 ,20190806,32.9,0,0.7
영등포 ,20190807,27.9,5.5,0.7
영등포 ,20190808,29.7,0,0.9
영등포 ,20190809,30.4,0,0.7
영등포 ,20190810,32.1,0,0.7
영등포 ,20190811,30.9,6.5,1.7
영등포 ,20190812,27.2,38.5,0.6
영등포 ,20190813,29.7,10,0.7
영등포 ,20190814,31,1,0.7
영등포 ,20190815,26.5,12.5,0.6
영등포 ,20190816,26.8,0.5,1.1
영등포 ,20190817,26.6,0,1.3
영등포 ,20190818,26.4,0,0.7
영등포 ,20190819,27.6,0,0.6
영등포 ,20190820,28.8,0,0.5
영등포 ,20190821,27.7,1,0.4
영등포 ,20190822,27.5,0,0.9
영등포 ,20190823,26.8,0,0.9
영등포 ,20190824,24.9,0,0.8
영등포 ,20190825,25.8,0,0.6
영등포 ,20190826,27.2,0,0.8
영등포 ,20190827,26.1,18,0.8
영등포 ,20190828,26.6,0,1.4
영등포 ,20190829,24.1,75,1.5
영등포 ,20190830,23.9,0,1.4
영등포 ,20190831,24.5,0,1.2
영등포 ,20190901,24.8,0,0.8
영등포 ,20190902,26.2,0,0.9
영등포 ,20190903,25.1,2,1
영등포 ,20190904,23.6,34,1
영등포 ,20190905,23.8,57.5,0.8
영등포 ,20190906,26.2,3.5,0.7
영등포 ,20190907,26.5,1.5,3.1
영등포 ,20190908,25.5,0,1
영등포 ,20190909,26.1,0,0.7
영등포 ,20190910,24.3,75.5,0.7
영등포 ,20190911,25.2,6.5,1.1
영등포 ,20190912,21.6,10.5,1.2
영등포 ,20190913,24.1,0,0.9
영등포 ,20190914,23.4,0,0.9
영등포 ,20190915,25,0,0.9
영등포 ,20190916,25.9,0,0.9
영등포 ,20190917,25,0,1.1
영등포 ,20190918,22,0,1.4
영등포 ,20190919,20.8,0,1.1
영등포 ,20190920,21,0,0.8
영등포 ,20190921,20.9,0,0.9
영등포 ,20190922,19.6,0,1.5
영등포 ,20190923,20.9,0,1.1
영등포 ,20190924,21.3,0,0.9
영등포 ,20190925,22.4,0,0.8
영등포 ,20190926,24,0,1
영등포 ,20190927,24.3,0,0.7
영등포 ,20190928,24.8,0,0.8
영등포 ,20190929,23.7,0,0.8
영등포 ,20190930,23.6,0,0.8
영등포 ,20191001,24.3,0,0.8
영등포 ,20191002,22.6,18.5,1.1
영등포 ,20191003,23.7,5.5,0.7
영등포 ,20191004,23,0,1.2
영등포 ,20191005,19.4,0,1.4
영등포 ,20191006,18.8,0,1.4
영등포 ,20191007,15.5,19.5,0.8
영등포 ,20191008,16.2,0,1.3
영등포 ,20191009,15.9,0,0.8
영등포 ,20191010,16.8,0,0.6
영등포 ,20191011,20.2,0,0.9
영등포 ,20191012,18.8,0,1.4
영등포 ,20191013,18.4,0,1
영등포 ,20191014,15.6,0,1.4
영등포 ,20191015,15.8,0,1.1
영등포 ,20191016,16.2,0,0.9
영등포 ,20191017,17.1,0,0.8
영등포 ,20191018,18.4,0,1
영등포 ,20191019,18.3,0,0.8
영등포 ,20191020,17.7,0,0.6
영등포 ,20191021,18.9,0,0.6
영등포 ,20191022,19.3,0,0.8
영등포 ,20191023,18.6,0,0.9
영등포 ,20191024,19.7,0,1
영등포 ,20191025,17.6,0,1.1
영등포 ,20191026,11.2,0,1.5
영등포 ,20191027,12.7,0,0.9
영등포 ,20191028,14,2,1.4
영등포 ,20191029,14.2,0,1.2
영등포 ,20191030,13,0,0.9
영등포 ,20191031,16,0,1.2
영등포 ,20191101,16,0,0.7
영등포 ,20191102,15.2,0,0.7
영등포 ,20191103,15.6,0,0.9
영등포 ,20191104,15.1,0,1
영등포 ,20191105,13.9,0,0.7
영등포 ,20191106,12.7,0,0.9
영등포 ,20191107,10.3,0,1.3
영등포 ,20191108,8.5,0,1
영등포 ,20191109,11.4,0,0.7
영등포 ,20191110,11.3,12.5,0.9
영등포 ,20191111,12.2,0.5,1.2
영등포 ,20191112,11.6,0,0.5
영등포 ,20191113,9.1,10.5,1.5
영등포 ,20191114,2.9,0,1.8
영등포 ,20191115,7.3,22,1
영등포 ,20191116,8.6,0,0.4
영등포 ,20191117,9.6,24,0.8
영등포 ,20191118,5.4,12,1.9
영등포 ,20191119,1.4,0,1.4
영등포 ,20191120,2.3,0,0.9
영등포 ,20191121,6.2,0,0.7
영등포 ,20191122,11.6,0,0.6
영등포 ,20191123,13.6,0,0.5
영등포 ,20191124,11,3,1
영등포 ,20191125,2.9,0,1.4
영등포 ,20191126,8.1,0,0.8
영등포 ,20191127,4.1,0,1.4
영등포 ,20191128,4.6,0,1.1
영등포 ,20191129,3.1,0,1
영등포 ,20191130,5.9,0,0.5
영등포 ,20191201,5.8,3,0.6
영등포 ,20191202,1.4,0,1.5
영등포 ,20191203,2.1,0.5,0.6
영등포 ,20191204,3.6,0,0.6
영등포 ,20191205,-3.1,0,1.6
영등포 ,20191206,-4.1,0,0.9
영등포 ,20191207,0.1,0,0.4
영등포 ,20191208,1.4,0,0.2
영등포 ,20191209,4.9,0,0.6
영등포 ,20191210,9.4,1.5,0.7
영등포 ,20191211,7.2,0,1.7
영등포 ,20191212,0.9,0,1.3
영등포 ,20191213,3.8,0.5,1.2
영등포 ,20191214,3.7,0.5,1.3
영등포 ,20191215,6.5,0,0.6
영등포 ,20191216,9.2,0,0.5
영등포 ,20191217,8.6,7.5,1
영등포 ,20191218,1.8,0,1.1
영등포 ,20191219,0.7,0,0.8
영등포 ,20191220,0.2,0,0.8
영등포 ,20191221,1,0,0.3
영등포 ,20191222,5.2,0.5,0.3
영등포 ,20191223,4.3,2.5,0.7
영등포 ,20191224,2.3,0,0.5
영등포 ,20191225,3.7,0,0.1
영등포 ,20191226,2.9,0.5,0.9
영등포 ,20191227,0,0,0.6
영등포 ,20191228,3,0,0.3
영등포 ,20191229,4.9,2,0.3
영등포 ,20191230,3.4,0,1
영등포 ,20191231,-6.6,0,1.6
영등포 ,20200101,-1,0,0.3
영등포 ,20200102,2.5,0,0.4
영등포 ,20200103,1.8,0,0.1
영등포 ,20200104,2.9,0,0.4
영등포 ,20200105,3,0,0.4
영등포 ,20200106,4,1,0.8
영등포 ,20200107,7,48.5,0.7
영등포 ,20200108,3.2,7,1.4
영등포 ,20200109,0.2,0,0.8
영등포 ,20200110,1,0,0.2
영등포 ,20200111,1.4,0,0.4
영등포 ,20200112,0.1,0,0.8
영등포 ,20200113,-1.2,0,0.9
영등포 ,20200114,-0.5,0,
영등포 ,20200115,-1.1,0,
영등포 ,20200116,-0.4,0,
영등포 ,20200117,0.9,0,
영등포 ,20200118,1.6,0,0.8
영등포 ,20200119,3.2,0,1
영등포 ,20200120,2.1,0,1.3
영등포 ,20200121,1,0,0.5
영등포 ,20200122,4.5,0,0.4
영등포 ,20200123,5.4,0,0.7
영등포 ,20200124,3.8,0,0.7
영등포 ,20200125,5,0,0.5
영등포 ,20200126,6.4,0,0.8
영등포 ,20200127,6.7,0.5,1.3
영등포 ,20200128,7.9,0,0.7
영등포 ,20200129,7.1,0,0.6
영등포 ,20200130,6.5,0,0.7
영등포 ,20200131,5,0,1
영등포 ,20200201,4.1,0,0.9
영등포 ,20200202,2.7,0,0.9
영등포 ,20200203,0.6,0,1.5
영등포 ,20200204,-0.3,0,1.4
영등포 ,20200205,-7.3,0,1.6
영등포 ,20200206,-5,0,1.1
영등포 ,20200207,-0.6,0,1
영등포 ,20200208,1,0,1.4
영등포 ,20200209,1.1,0,1
영등포 ,20200210,5.4,0,0.7
영등포 ,20200211,8.3,0,0.6
영등포 ,20200212,7.9,6.5,0.7
영등포 ,20200213,7.1,0,1
영등포 ,20200214,9.1,0,0.7
영등포 ,20200215,10.4,2,0.9
영등포 ,20200216,-0.6,11.5,1.5
영등포 ,20200217,-4.7,0,1.7
영등포 ,20200218,-2.2,0,1.2
영등포 ,20200219,2.5,0,0.7
영등포 ,20200220,6,0,0.7
영등포 ,20200221,7.8,4,0.9
영등포 ,20200222,4.9,2.5,1.7
영등포 ,20200223,4,0,1.2
영등포 ,20200224,7.8,0,0.8
영등포 ,20200225,7.6,17,1.3
영등포 ,20200226,7.3,0,0.9
영등포 ,20200227,7.2,0,0.9
영등포 ,20200228,5.6,3.5,0.8
영등포 ,20200229,8.1,0.5,0.8
영등포 ,20200301,6.7,0,1
영등포 ,20200302,4.5,0,1.2
영등포 ,20200303,5.9,0,1.1
영등포 ,20200304,3,0,1.8
영등포 ,20200305,2.5,0,1.3
영등포 ,20200306,4.8,0,0.9
영등포 ,20200307,8,0,0.7
영등포 ,20200308,10.2,0,0.7
영등포 ,20200309,11.8,0,0.7
영등포 ,20200310,7.2,8.5,1.2
영등포 ,20200311,4.7,0,1.6
영등포 ,20200312,7.9,0,1.4
영등포 ,20200313,5.4,0,1.6
영등포 ,20200314,4.9,0,1.4
영등포 ,20200315,5.4,0,1.6
영등포 ,20200316,4.1,0,1.3
영등포 ,20200317,7.6,0,1.3
영등포 ,20200318,11.1,0,1.1
영등포 ,20200319,9.5,0,2.1
영등포 ,20200320,9.7,0,1.6
영등포 ,20200321,13.1,0,1.2
영등포 ,20200322,11.6,0,1.4
영등포 ,20200323,11.4,0,1.1
영등포 ,20200324,12.4,0,0.9
영등포 ,20200325,13.6,0,0.9
영등포 ,20200326,15.5,2,0.8
영등포 ,20200327,12.3,3.5,1.5
영등포 ,20200328,8.2,0,1.5
영등포 ,20200329,9.8,0,1
영등포 ,20200330,10.9,0,1
영등포 ,20200331,12.6,0,1
영등포 ,20200401,11.6,0,1.4
영등포 ,20200402,10.5,0,1.2
영등포 ,20200403,10.6,0,1.5
영등포 ,20200404,9.8,0,1.8
영등포 ,20200405,7.9,0,1.3
영등포 ,20200406,10.2,0,1.2
영등포 ,20200407,11.1,0,1.4
영등포 ,20200408,10.5,0,1.4
영등포 ,20200409,9.8,0,1.3
영등포 ,20200410,11.1,0,1.1
영등포 ,20200411,10.3,0,1.4
영등포 ,20200412,11,0,1.3
영등포 ,20200413,12.9,0,1.1
영등포 ,20200414,13.5,0,1.2
영등포 ,20200415,14.5,0,0.8
영등포 ,20200416,16.9,0,0.8
영등포 ,20200417,13.2,3.5,1.1
영등포 ,20200418,14.2,0,0.8
영등포 ,20200419,13.1,13,0.3
영등포 ,20200420,11,0.5,1.1
영등포 ,20200421,8.4,0,1.6
영등포 ,20200422,7.2,0,1.8
영등포 ,20200423,9.1,0,1.7
영등포 ,20200424,10.9,0,1.5
영등포 ,20200425,13.9,0,1.9
영등포 ,20200426,13.5,0,1.1
영등포 ,20200427,13.7,0,1.1
영등포 ,20200428,14.5,0,1.3
영등포 ,20200429,16.1,0,1
영등포 ,20200430,18,0,1.2
영등포 ,20200501,20.4,0,1.1
영등포 ,20200502,20.9,0,1
영등포 ,20200503,22.3,0,0.5
영등포 ,20200504,19.8,0,1.2
영등포 ,20200505,16.7,0,0.6
영등포 ,20200506,20.5,0,0.7
영등포 ,20200507,21.4,0,1
영등포 ,20200508,20.2,2.5,1
영등포 ,20200509,14.6,21,1.1
영등포 ,20200510,14.7,0.5,1.4
영등포 ,20200511,16.8,3,1.5
영등포 ,20200512,15.3,1,1.3
영등포 ,20200513,17.4,0,1.2
영등포 ,20200514,20.9,0,0.4
영등포 ,20200515,16.9,9,0.8
영등포 ,20200516,17,1.5,0.6
영등포 ,20200517,19.2,0,0.7
영등포 ,20200518,19.7,26.5,1
